time_ns,dec_i_data,dec_o_valid,dec_o_data,int_i_data,interp_o_valid,interp_o_data
45.0,128,0,0,128,0,0
55.0,128,0,0,128,0,0
65.0,128,0,0,128,1,0
75.0,128,0,0,128,1,0
85.0,129,0,0,128,1,0
95.0,129,0,0,128,1,0
105.0,130,0,0,128,1,0
115.0,130,0,0,128,1,0
125.0,130,0,0,128,1,0
135.0,131,0,0,128,1,0
145.0,131,0,0,128,1,0
155.0,132,0,0,128,1,0
165.0,132,0,0,128,1,0
175.0,132,0,0,128,1,0
185.0,133,0,0,128,1,0
195.0,133,0,0,128,1,0
205.0,134,0,0,128,1,0
215.0,134,0,0,128,1,0
225.0,134,0,0,128,1,0
235.0,135,0,0,128,1,0
245.0,135,0,0,128,1,0
255.0,136,0,0,128,1,0
265.0,136,0,0,128,1,0
275.0,136,0,0,128,1,0
285.0,137,0,0,128,1,0
295.0,137,0,0,128,1,0
305.0,138,0,0,128,1,0
315.0,138,0,0,128,1,0
325.0,138,0,0,128,1,0
335.0,139,0,0,128,1,0
345.0,139,0,0,128,1,0
355.0,140,0,0,128,1,0
365.0,140,0,0,128,1,0
375.0,140,0,0,128,1,0
385.0,141,0,0,128,1,0
395.0,141,0,0,128,1,0
405.0,142,0,0,128,1,0
415.0,142,0,0,128,1,0
425.0,142,0,0,128,1,0
435.0,143,0,0,128,1,0
445.0,143,0,0,128,1,0
455.0,144,0,0,128,1,0
465.0,144,0,0,128,1,0
475.0,144,0,0,128,1,0
485.0,145,0,0,128,1,0
495.0,145,0,0,128,1,0
505.0,145,0,0,128,1,0
515.0,146,0,0,128,1,0
525.0,146,0,0,128,1,0
535.0,147,0,0,128,1,0
545.0,147,0,0,128,1,0
555.0,147,0,0,128,1,0
565.0,148,0,0,128,1,0
575.0,148,0,0,128,1,0
585.0,149,0,0,128,1,0
595.0,149,0,0,128,1,0
605.0,149,0,0,128,1,0
615.0,150,0,0,128,1,0
625.0,150,0,0,128,1,0
635.0,151,0,0,128,1,0
645.0,151,0,0,128,1,0
655.0,151,0,0,128,1,0
665.0,152,0,0,128,1,0
675.0,152,0,0,128,1,0
685.0,153,0,0,128,1,0
695.0,153,1,5983,128,1,8
705.0,153,0,5983,153,1,24
715.0,154,0,5983,153,1,48
725.0,154,0,5983,153,1,80
735.0,155,0,5983,153,1,120
745.0,155,0,5983,153,1,168
755.0,155,0,5983,153,1,224
765.0,156,0,5983,153,1,288
775.0,156,0,5983,153,1,360
785.0,156,0,5983,153,1,440
795.0,157,0,5983,153,1,528
805.0,157,0,5983,153,1,624
815.0,158,0,5983,153,1,728
825.0,158,0,5983,153,1,840
835.0,158,0,5983,153,1,960
845.0,159,0,5983,153,1,1088
855.0,159,0,5983,153,1,1224
865.0,160,0,5983,153,1,1368
875.0,160,0,5983,153,1,1520
885.0,160,0,5983,153,1,1680
895.0,161,0,5983,153,1,1848
905.0,161,0,5983,153,1,2024
915.0,162,0,5983,153,1,2208
925.0,162,0,5983,153,1,2400
935.0,162,0,5983,153,1,2600
945.0,163,0,5983,153,1,2808
955.0,163,0,5983,153,1,3024
965.0,163,0,5983,153,1,3248
975.0,164,0,5983,153,1,3480
985.0,164,0,5983,153,1,3720
995.0,165,0,5983,153,1,3968
1005.0,165,0,5983,153,1,4224
1015.0,165,0,5983,153,1,4488
1025.0,166,0,5983,153,1,4760
1035.0,166,0,5983,153,1,5040
1045.0,166,0,5983,153,1,5328
1055.0,167,0,5983,153,1,5624
1065.0,167,0,5983,153,1,5928
1075.0,168,0,5983,153,1,6240
1085.0,168,0,5983,153,1,6560
1095.0,168,0,5983,153,1,6888
1105.0,169,0,5983,153,1,7224
1115.0,169,0,5983,153,1,7568
1125.0,170,0,5983,153,1,7920
1135.0,170,0,5983,153,1,8280
1145.0,170,0,5983,153,1,8648
1155.0,171,0,5983,153,1,9024
1165.0,171,0,5983,153,1,9408
1175.0,171,0,5983,153,1,9800
1185.0,172,0,5983,153,1,10200
1195.0,172,0,5983,153,1,10608
1205.0,173,0,5983,153,1,11024
1215.0,173,0,5983,153,1,11448
1225.0,173,0,5983,153,1,11880
1235.0,174,0,5983,153,1,12320
1245.0,174,0,5983,153,1,12768
1255.0,174,0,5983,153,1,13224
1265.0,175,0,5983,153,1,13688
1275.0,175,0,5983,153,1,14160
1285.0,175,0,5983,153,1,14640
1295.0,176,0,5983,153,1,15128
1305.0,176,0,5983,153,1,15624
1315.0,177,0,5983,153,1,16128
1325.0,177,0,5983,153,1,16640
1335.0,177,1,31037,153,1,17145
1345.0,178,0,31037,178,1,17644
1355.0,178,0,31037,178,1,18137
1365.0,178,0,31037,178,1,18623
1375.0,179,0,31037,178,1,19103
1385.0,179,0,31037,178,1,19576
1395.0,180,0,31037,178,1,20043
1405.0,180,0,31037,178,1,20504
1415.0,180,0,31037,178,1,20958
1425.0,181,0,31037,178,1,21405
1435.0,181,0,31037,178,1,21847
1445.0,181,0,31037,178,1,22281
1455.0,182,0,31037,178,1,22710
1465.0,182,0,31037,178,1,23132
1475.0,182,0,31037,178,1,23547
1485.0,183,0,31037,178,1,23956
1495.0,183,0,31037,178,1,24359
1505.0,184,0,31037,178,1,24755
1515.0,184,0,31037,178,1,25144
1525.0,184,0,31037,178,1,25528
1535.0,185,0,31037,178,1,25904
1545.0,185,0,31037,178,1,26275
1555.0,185,0,31037,178,1,26639
1565.0,186,0,31037,178,1,26996
1575.0,186,0,31037,178,1,27347
1585.0,186,0,31037,178,1,27692
1595.0,187,0,31037,178,1,28030
1605.0,187,0,31037,178,1,28362
1615.0,187,0,31037,178,1,28687
1625.0,188,0,31037,178,1,29006
1635.0,188,0,31037,178,1,29319
1645.0,188,0,31037,178,1,29625
1655.0,189,0,31037,178,1,29924
1665.0,189,0,31037,178,1,30217
1675.0,190,0,31037,178,1,30504
1685.0,190,0,31037,178,1,30784
1695.0,190,0,31037,178,1,31058
1705.0,191,0,31037,178,1,31325
1715.0,191,0,31037,178,1,31586
1725.0,191,0,31037,178,1,31841
1735.0,192,0,31037,178,1,32089
1745.0,192,0,31037,178,1,32330
1755.0,192,0,31037,178,1,32566
1765.0,193,0,31037,178,1,32794
1775.0,193,0,31037,178,1,33017
1785.0,193,0,31037,178,1,33233
1795.0,194,0,31037,178,1,33442
1805.0,194,0,31037,178,1,33645
1815.0,194,0,31037,178,1,33842
1825.0,195,0,31037,178,1,34032
1835.0,195,0,31037,178,1,34215
1845.0,195,0,31037,178,1,34393
1855.0,196,0,31037,178,1,34563
1865.0,196,0,31037,178,1,34728
1875.0,196,0,31037,178,1,34886
1885.0,197,0,31037,178,1,35037
1895.0,197,0,31037,178,1,35182
1905.0,197,0,31037,178,1,35321
1915.0,198,0,31037,178,1,35453
1925.0,198,0,31037,178,1,35579
1935.0,198,0,31037,178,1,35698
1945.0,199,0,31037,178,1,35811
1955.0,199,0,31037,178,1,35918
1965.0,199,0,31037,178,1,36018
1975.0,200,1,42328,178,1,36118
1985.0,200,0,42328,200,1,36218
1995.0,200,0,42328,200,1,36318
2005.0,201,0,42328,200,1,36418
2015.0,201,0,42328,200,1,36518
2025.0,201,0,42328,200,1,36618
2035.0,202,0,42328,200,1,36718
2045.0,202,0,42328,200,1,36818
2055.0,202,0,42328,200,1,36918
2065.0,203,0,42328,200,1,37018
2075.0,203,0,42328,200,1,37118
2085.0,203,0,42328,200,1,37218
2095.0,204,0,42328,200,1,37318
2105.0,204,0,42328,200,1,37418
2115.0,204,0,42328,200,1,37518
2125.0,205,0,42328,200,1,37618
2135.0,205,0,42328,200,1,37718
2145.0,205,0,42328,200,1,37818
2155.0,206,0,42328,200,1,37918
2165.0,206,0,42328,200,1,38018
2175.0,206,0,42328,200,1,38118
2185.0,206,0,42328,200,1,38218
2195.0,207,0,42328,200,1,38318
2205.0,207,0,42328,200,1,38418
2215.0,207,0,42328,200,1,38518
2225.0,208,0,42328,200,1,38618
2235.0,208,0,42328,200,1,38718
2245.0,208,0,42328,200,1,38818
2255.0,209,0,42328,200,1,38918
2265.0,209,0,42328,200,1,39018
2275.0,209,0,42328,200,1,39118
2285.0,210,0,42328,200,1,39218
2295.0,210,0,42328,200,1,39318
2305.0,210,0,42328,200,1,39418
2315.0,210,0,42328,200,1,39518
2325.0,211,0,42328,200,1,39618
2335.0,211,0,42328,200,1,39718
2345.0,211,0,42328,200,1,39818
2355.0,212,0,42328,200,1,39918
2365.0,212,0,42328,200,1,40018
2375.0,212,0,42328,200,1,40118
2385.0,213,0,42328,200,1,40218
2395.0,213,0,42328,200,1,40318
2405.0,213,0,42328,200,1,40418
2415.0,213,0,42328,200,1,40518
2425.0,214,0,42328,200,1,40618
2435.0,214,0,42328,200,1,40718
2445.0,214,0,42328,200,1,40818
2455.0,215,0,42328,200,1,40918
2465.0,215,0,42328,200,1,41018
2475.0,215,0,42328,200,1,41118
2485.0,216,0,42328,200,1,41218
2495.0,216,0,42328,200,1,41318
2505.0,216,0,42328,200,1,41418
2515.0,216,0,42328,200,1,41518
2525.0,217,0,42328,200,1,41618
2535.0,217,0,42328,200,1,41718
2545.0,217,0,42328,200,1,41818
2555.0,218,0,42328,200,1,41918
2565.0,218,0,42328,200,1,42018
2575.0,218,0,42328,200,1,42118
2585.0,218,0,42328,200,1,42218
2595.0,219,0,42328,200,1,42318
2605.0,219,0,42328,200,1,42418
2615.0,219,1,48307,200,1,42517
2625.0,219,0,48307,219,1,42617
2635.0,220,0,48307,219,1,42716
2645.0,220,0,48307,219,1,42816
2655.0,220,0,48307,219,1,42915
2665.0,221,0,48307,219,1,43014
2675.0,221,0,48307,219,1,43112
2685.0,221,0,48307,219,1,43211
2695.0,221,0,48307,219,1,43309
2705.0,222,0,48307,219,1,43407
2715.0,222,0,48307,219,1,43505
2725.0,222,0,48307,219,1,43603
2735.0,222,0,48307,219,1,43700
2745.0,223,0,48307,219,1,43798
2755.0,223,0,48307,219,1,43895
2765.0,223,0,48307,219,1,43992
2775.0,224,0,48307,219,1,44089
2785.0,224,0,48307,219,1,44185
2795.0,224,0,48307,219,1,44282
2805.0,224,0,48307,219,1,44378
2815.0,225,0,48307,219,1,44474
2825.0,225,0,48307,219,1,44570
2835.0,225,0,48307,219,1,44666
2845.0,225,0,48307,219,1,44761
2855.0,226,0,48307,219,1,44857
2865.0,226,0,48307,219,1,44952
2875.0,226,0,48307,219,1,45047
2885.0,226,0,48307,219,1,45141
2895.0,227,0,48307,219,1,45236
2905.0,227,0,48307,219,1,45330
2915.0,227,0,48307,219,1,45425
2925.0,227,0,48307,219,1,45519
2935.0,228,0,48307,219,1,45612
2945.0,228,0,48307,219,1,45706
2955.0,228,0,48307,219,1,45799
2965.0,228,0,48307,219,1,45893
2975.0,229,0,48307,219,1,45986
2985.0,229,0,48307,219,1,46079
2995.0,229,0,48307,219,1,46171
3005.0,229,0,48307,219,1,46264
3015.0,230,0,48307,219,1,46356
3025.0,230,0,48307,219,1,46448
3035.0,230,0,48307,219,1,46540
3045.0,230,0,48307,219,1,46632
3055.0,231,0,48307,219,1,46723
3065.0,231,0,48307,219,1,46815
3075.0,231,0,48307,219,1,46906
3085.0,231,0,48307,219,1,46997
3095.0,231,0,48307,219,1,47088
3105.0,232,0,48307,219,1,47178
3115.0,232,0,48307,219,1,47269
3125.0,232,0,48307,219,1,47359
3135.0,232,0,48307,219,1,47449
3145.0,233,0,48307,219,1,47539
3155.0,233,0,48307,219,1,47629
3165.0,233,0,48307,219,1,47718
3175.0,233,0,48307,219,1,47808
3185.0,233,0,48307,219,1,47897
3195.0,234,0,48307,219,1,47986
3205.0,234,0,48307,219,1,48074
3215.0,234,0,48307,219,1,48163
3225.0,234,0,48307,219,1,48251
3235.0,235,0,48307,219,1,48340
3245.0,235,0,48307,219,1,48428
3255.0,235,1,53660,219,1,48515
3265.0,235,0,53660,235,1,48603
3275.0,235,0,53660,235,1,48690
3285.0,236,0,53660,235,1,48778
3295.0,236,0,53660,235,1,48865
3305.0,236,0,53660,235,1,48952
3315.0,236,0,53660,235,1,49038
3325.0,236,0,53660,235,1,49125
3335.0,237,0,53660,235,1,49211
3345.0,237,0,53660,235,1,49297
3355.0,237,0,53660,235,1,49383
3365.0,237,0,53660,235,1,49469
3375.0,238,0,53660,235,1,49554
3385.0,238,0,53660,235,1,49640
3395.0,238,0,53660,235,1,49725
3405.0,238,0,53660,235,1,49810
3415.0,238,0,53660,235,1,49895
3425.0,239,0,53660,235,1,49979
3435.0,239,0,53660,235,1,50064
3445.0,239,0,53660,235,1,50148
3455.0,239,0,53660,235,1,50232
3465.0,239,0,53660,235,1,50316
3475.0,239,0,53660,235,1,50400
3485.0,240,0,53660,235,1,50483
3495.0,240,0,53660,235,1,50567
3505.0,240,0,53660,235,1,50650
3515.0,240,0,53660,235,1,50733
3525.0,240,0,53660,235,1,50815
3535.0,241,0,53660,235,1,50898
3545.0,241,0,53660,235,1,50980
3555.0,241,0,53660,235,1,51063
3565.0,241,0,53660,235,1,51145
3575.0,241,0,53660,235,1,51226
3585.0,242,0,53660,235,1,51308
3595.0,242,0,53660,235,1,51389
3605.0,242,0,53660,235,1,51471
3615.0,242,0,53660,235,1,51552
3625.0,242,0,53660,235,1,51633
3635.0,242,0,53660,235,1,51713
3645.0,243,0,53660,235,1,51794
3655.0,243,0,53660,235,1,51874
3665.0,243,0,53660,235,1,51954
3675.0,243,0,53660,235,1,52034
3685.0,243,0,53660,235,1,52114
3695.0,243,0,53660,235,1,52193
3705.0,244,0,53660,235,1,52273
3715.0,244,0,53660,235,1,52352
3725.0,244,0,53660,235,1,52431
3735.0,244,0,53660,235,1,52510
3745.0,244,0,53660,235,1,52588
3755.0,244,0,53660,235,1,52667
3765.0,245,0,53660,235,1,52745
3775.0,245,0,53660,235,1,52823
3785.0,245,0,53660,235,1,52901
3795.0,245,0,53660,235,1,52979
3805.0,245,0,53660,235,1,53056
3815.0,245,0,53660,235,1,53134
3825.0,245,0,53660,235,1,53211
3835.0,246,0,53660,235,1,53288
3845.0,246,0,53660,235,1,53364
3855.0,246,0,53660,235,1,53441
3865.0,246,0,53660,235,1,53517
3875.0,246,0,53660,235,1,53594
3885.0,246,0,53660,235,1,53670
3895.0,247,1,58173,235,1,53745
3905.0,247,0,58173,247,1,53821
3915.0,247,0,58173,247,1,53896
3925.0,247,0,58173,247,1,53972
3935.0,247,0,58173,247,1,54047
3945.0,247,0,58173,247,1,54122
3955.0,247,0,58173,247,1,54196
3965.0,247,0,58173,247,1,54271
3975.0,248,0,58173,247,1,54345
3985.0,248,0,58173,247,1,54419
3995.0,248,0,58173,247,1,54493
4005.0,248,0,58173,247,1,54567
4015.0,248,0,58173,247,1,54640
4025.0,248,0,58173,247,1,54714
4035.0,248,0,58173,247,1,54787
4045.0,249,0,58173,247,1,54860
4055.0,249,0,58173,247,1,54933
4065.0,249,0,58173,247,1,55005
4075.0,249,0,58173,247,1,55078
4085.0,249,0,58173,247,1,55150
4095.0,249,0,58173,247,1,55222
4105.0,249,0,58173,247,1,55294
4115.0,249,0,58173,247,1,55366
4125.0,250,0,58173,247,1,55437
4135.0,250,0,58173,247,1,55509
4145.0,250,0,58173,247,1,55580
4155.0,250,0,58173,247,1,55651
4165.0,250,0,58173,247,1,55721
4175.0,250,0,58173,247,1,55792
4185.0,250,0,58173,247,1,55862
4195.0,250,0,58173,247,1,55933
4205.0,250,0,58173,247,1,56003
4215.0,250,0,58173,247,1,56072
4225.0,251,0,58173,247,1,56142
4235.0,251,0,58173,247,1,56211
4245.0,251,0,58173,247,1,56281
4255.0,251,0,58173,247,1,56350
4265.0,251,0,58173,247,1,56419
4275.0,251,0,58173,247,1,56487
4285.0,251,0,58173,247,1,56556
4295.0,251,0,58173,247,1,56624
4305.0,251,0,58173,247,1,56692
4315.0,251,0,58173,247,1,56760
4325.0,252,0,58173,247,1,56828
4335.0,252,0,58173,247,1,56895
4345.0,252,0,58173,247,1,56963
4355.0,252,0,58173,247,1,57030
4365.0,252,0,58173,247,1,57097
4375.0,252,0,58173,247,1,57164
4385.0,252,0,58173,247,1,57230
4395.0,252,0,58173,247,1,57297
4405.0,252,0,58173,247,1,57363
4415.0,252,0,58173,247,1,57429
4425.0,252,0,58173,247,1,57495
4435.0,253,0,58173,247,1,57561
4445.0,253,0,58173,247,1,57626
4455.0,253,0,58173,247,1,57692
4465.0,253,0,58173,247,1,57757
4475.0,253,0,58173,247,1,57822
4485.0,253,0,58173,247,1,57886
4495.0,253,0,58173,247,1,57951
4505.0,253,0,58173,247,1,58015
4515.0,253,0,58173,247,1,58080
4525.0,253,0,58173,247,1,58144
4535.0,253,1,61659,247,1,58207
4545.0,253,0,61659,253,1,58271
4555.0,253,0,61659,253,1,58334
4565.0,253,0,61659,253,1,58397
4575.0,253,0,61659,253,1,58460
4585.0,254,0,61659,253,1,58522
4595.0,254,0,61659,253,1,58585
4605.0,254,0,61659,253,1,58647
4615.0,254,0,61659,253,1,58708
4625.0,254,0,61659,253,1,58770
4635.0,254,0,61659,253,1,58831
4645.0,254,0,61659,253,1,58892
4655.0,254,0,61659,253,1,58953
4665.0,254,0,61659,253,1,59013
4675.0,254,0,61659,253,1,59074
4685.0,254,0,61659,253,1,59134
4695.0,254,0,61659,253,1,59193
4705.0,254,0,61659,253,1,59253
4715.0,254,0,61659,253,1,59312
4725.0,254,0,61659,253,1,59371
4735.0,254,0,61659,253,1,59430
4745.0,254,0,61659,253,1,59488
4755.0,254,0,61659,253,1,59547
4765.0,254,0,61659,253,1,59605
4775.0,254,0,61659,253,1,59662
4785.0,255,0,61659,253,1,59720
4795.0,255,0,61659,253,1,59777
4805.0,255,0,61659,253,1,59834
4815.0,255,0,61659,253,1,59891
4825.0,255,0,61659,253,1,59947
4835.0,255,0,61659,253,1,60004
4845.0,255,0,61659,253,1,60060
4855.0,255,0,61659,253,1,60115
4865.0,255,0,61659,253,1,60171
4875.0,255,0,61659,253,1,60226
4885.0,255,0,61659,253,1,60281
4895.0,255,0,61659,253,1,60336
4905.0,255,0,61659,253,1,60390
4915.0,255,0,61659,253,1,60445
4925.0,255,0,61659,253,1,60499
4935.0,255,0,61659,253,1,60552
4945.0,255,0,61659,253,1,60606
4955.0,255,0,61659,253,1,60659
4965.0,255,0,61659,253,1,60712
4975.0,255,0,61659,253,1,60765
4985.0,255,0,61659,253,1,60817
4995.0,255,0,61659,253,1,60870
5005.0,255,0,61659,253,1,60922
5015.0,255,0,61659,253,1,60973
5025.0,255,0,61659,253,1,61025
5035.0,255,0,61659,253,1,61076
5045.0,255,0,61659,253,1,61127
5055.0,255,0,61659,253,1,61178
5065.0,255,0,61659,253,1,61228
5075.0,255,0,61659,253,1,61279
5085.0,255,0,61659,253,1,61329
5095.0,255,0,61659,253,1,61378
5105.0,255,0,61659,253,1,61428
5115.0,255,0,61659,253,1,61477
5125.0,255,0,61659,253,1,61526
5135.0,255,0,61659,253,1,61575
5145.0,255,0,61659,253,1,61623
5155.0,255,0,61659,253,1,61672
5165.0,255,0,61659,253,1,61720
5175.0,255,1,63982,253,1,61767
5185.0,255,0,63982,255,1,61814
5195.0,255,0,63982,255,1,61861
5205.0,255,0,63982,255,1,61908
5215.0,255,0,63982,255,1,61954
5225.0,255,0,63982,255,1,62000
5235.0,255,0,63982,255,1,62045
5245.0,255,0,63982,255,1,62090
5255.0,255,0,63982,255,1,62135
5265.0,255,0,63982,255,1,62179
5275.0,255,0,63982,255,1,62223
5285.0,255,0,63982,255,1,62266
5295.0,255,0,63982,255,1,62309
5305.0,255,0,63982,255,1,62352
5315.0,255,0,63982,255,1,62395
5325.0,255,0,63982,255,1,62437
5335.0,255,0,63982,255,1,62478
5345.0,255,0,63982,255,1,62519
5355.0,254,0,63982,255,1,62560
5365.0,254,0,63982,255,1,62601
5375.0,254,0,63982,255,1,62641
5385.0,254,0,63982,255,1,62681
5395.0,254,0,63982,255,1,62720
5405.0,254,0,63982,255,1,62759
5415.0,254,0,63982,255,1,62798
5425.0,254,0,63982,255,1,62836
5435.0,254,0,63982,255,1,62874
5445.0,254,0,63982,255,1,62911
5455.0,254,0,63982,255,1,62948
5465.0,254,0,63982,255,1,62985
5475.0,254,0,63982,255,1,63022
5485.0,254,0,63982,255,1,63058
5495.0,254,0,63982,255,1,63093
5505.0,254,0,63982,255,1,63128
5515.0,254,0,63982,255,1,63163
5525.0,254,0,63982,255,1,63198
5535.0,254,0,63982,255,1,63232
5545.0,254,0,63982,255,1,63266
5555.0,253,0,63982,255,1,63299
5565.0,253,0,63982,255,1,63332
5575.0,253,0,63982,255,1,63365
5585.0,253,0,63982,255,1,63397
5595.0,253,0,63982,255,1,63429
5605.0,253,0,63982,255,1,63460
5615.0,253,0,63982,255,1,63491
5625.0,253,0,63982,255,1,63522
5635.0,253,0,63982,255,1,63553
5645.0,253,0,63982,255,1,63583
5655.0,253,0,63982,255,1,63612
5665.0,253,0,63982,255,1,63641
5675.0,253,0,63982,255,1,63670
5685.0,253,0,63982,255,1,63699
5695.0,253,0,63982,255,1,63727
5705.0,252,0,63982,255,1,63755
5715.0,252,0,63982,255,1,63782
5725.0,252,0,63982,255,1,63809
5735.0,252,0,63982,255,1,63836
5745.0,252,0,63982,255,1,63862
5755.0,252,0,63982,255,1,63888
5765.0,252,0,63982,255,1,63913
5775.0,252,0,63982,255,1,63938
5785.0,252,0,63982,255,1,63963
5795.0,252,0,63982,255,1,63988
5805.0,252,0,63982,255,1,64012
5815.0,251,1,65060,255,1,64035
5825.0,251,0,65060,251,1,64059
5835.0,251,0,65060,251,1,64082
5845.0,251,0,65060,251,1,64105
5855.0,251,0,65060,251,1,64128
5865.0,251,0,65060,251,1,64150
5875.0,251,0,65060,251,1,64173
5885.0,251,0,65060,251,1,64195
5895.0,251,0,65060,251,1,64216
5905.0,251,0,65060,251,1,64238
5915.0,250,0,65060,251,1,64259
5925.0,250,0,65060,251,1,64280
5935.0,250,0,65060,251,1,64301
5945.0,250,0,65060,251,1,64321
5955.0,250,0,65060,251,1,64342
5965.0,250,0,65060,251,1,64362
5975.0,250,0,65060,251,1,64381
5985.0,250,0,65060,251,1,64401
5995.0,250,0,65060,251,1,64420
6005.0,250,0,65060,251,1,64439
6015.0,249,0,65060,251,1,64458
6025.0,249,0,65060,251,1,64476
6035.0,249,0,65060,251,1,64495
6045.0,249,0,65060,251,1,64513
6055.0,249,0,65060,251,1,64530
6065.0,249,0,65060,251,1,64548
6075.0,249,0,65060,251,1,64565
6085.0,249,0,65060,251,1,64582
6095.0,248,0,65060,251,1,64599
6105.0,248,0,65060,251,1,64615
6115.0,248,0,65060,251,1,64632
6125.0,248,0,65060,251,1,64648
6135.0,248,0,65060,251,1,64663
6145.0,248,0,65060,251,1,64679
6155.0,248,0,65060,251,1,64694
6165.0,247,0,65060,251,1,64709
6175.0,247,0,65060,251,1,64724
6185.0,247,0,65060,251,1,64738
6195.0,247,0,65060,251,1,64753
6205.0,247,0,65060,251,1,64767
6215.0,247,0,65060,251,1,64780
6225.0,247,0,65060,251,1,64794
6235.0,247,0,65060,251,1,64807
6245.0,246,0,65060,251,1,64820
6255.0,246,0,65060,251,1,64833
6265.0,246,0,65060,251,1,64845
6275.0,246,0,65060,251,1,64858
6285.0,246,0,65060,251,1,64870
6295.0,246,0,65060,251,1,64881
6305.0,245,0,65060,251,1,64893
6315.0,245,0,65060,251,1,64904
6325.0,245,0,65060,251,1,64915
6335.0,245,0,65060,251,1,64926
6345.0,245,0,65060,251,1,64936
6355.0,245,0,65060,251,1,64947
6365.0,245,0,65060,251,1,64957
6375.0,244,0,65060,251,1,64966
6385.0,244,0,65060,251,1,64976
6395.0,244,0,65060,251,1,64985
6405.0,244,0,65060,251,1,64994
6415.0,244,0,65060,251,1,65003
6425.0,244,0,65060,251,1,65011
6435.0,243,0,65060,251,1,65020
6445.0,243,0,65060,251,1,65028
6455.0,243,1,64820,251,1,65035
6465.0,243,0,64820,243,1,65042
6475.0,243,0,64820,243,1,65049
6485.0,243,0,64820,243,1,65056
6495.0,242,0,64820,243,1,65062
6505.0,242,0,64820,243,1,65068
6515.0,242,0,64820,243,1,65073
6525.0,242,0,64820,243,1,65078
6535.0,242,0,64820,243,1,65083
6545.0,242,0,64820,243,1,65087
6555.0,241,0,64820,243,1,65091
6565.0,241,0,64820,243,1,65094
6575.0,241,0,64820,243,1,65097
6585.0,241,0,64820,243,1,65100
6595.0,241,0,64820,243,1,65103
6605.0,240,0,64820,243,1,65105
6615.0,240,0,64820,243,1,65106
6625.0,240,0,64820,243,1,65107
6635.0,240,0,64820,243,1,65108
6645.0,240,0,64820,243,1,65109
6655.0,239,0,64820,243,1,65109
6665.0,239,0,64820,243,1,65109
6675.0,239,0,64820,243,1,65108
6685.0,239,0,64820,243,1,65107
6695.0,239,0,64820,243,1,65106
6705.0,239,0,64820,243,1,65104
6715.0,238,0,64820,243,1,65102
6725.0,238,0,64820,243,1,65099
6735.0,238,0,64820,243,1,65096
6745.0,238,0,64820,243,1,65093
6755.0,238,0,64820,243,1,65090
6765.0,237,0,64820,243,1,65086
6775.0,237,0,64820,243,1,65081
6785.0,237,0,64820,243,1,65076
6795.0,237,0,64820,243,1,65071
6805.0,236,0,64820,243,1,65066
6815.0,236,0,64820,243,1,65060
6825.0,236,0,64820,243,1,65054
6835.0,236,0,64820,243,1,65047
6845.0,236,0,64820,243,1,65040
6855.0,235,0,64820,243,1,65033
6865.0,235,0,64820,243,1,65025
6875.0,235,0,64820,243,1,65017
6885.0,235,0,64820,243,1,65008
6895.0,235,0,64820,243,1,64999
6905.0,234,0,64820,243,1,64990
6915.0,234,0,64820,243,1,64981
6925.0,234,0,64820,243,1,64971
6935.0,234,0,64820,243,1,64960
6945.0,233,0,64820,243,1,64949
6955.0,233,0,64820,243,1,64938
6965.0,233,0,64820,243,1,64927
6975.0,233,0,64820,243,1,64915
6985.0,233,0,64820,243,1,64903
6995.0,232,0,64820,243,1,64890
7005.0,232,0,64820,243,1,64877
7015.0,232,0,64820,243,1,64864
7025.0,232,0,64820,243,1,64850
7035.0,231,0,64820,243,1,64836
7045.0,231,0,64820,243,1,64821
7055.0,231,0,64820,243,1,64806
7065.0,231,0,64820,243,1,64791
7075.0,231,0,64820,243,1,64776
7085.0,230,0,64820,243,1,64760
7095.0,230,1,63288,243,1,64743
7105.0,230,0,63288,230,1,64727
7115.0,230,0,63288,230,1,64710
7125.0,229,0,63288,230,1,64693
7135.0,229,0,63288,230,1,64676
7145.0,229,0,63288,230,1,64658
7155.0,229,0,63288,230,1,64641
7165.0,228,0,63288,230,1,64623
7175.0,228,0,63288,230,1,64604
7185.0,228,0,63288,230,1,64586
7195.0,228,0,63288,230,1,64567
7205.0,227,0,63288,230,1,64548
7215.0,227,0,63288,230,1,64529
7225.0,227,0,63288,230,1,64509
7235.0,227,0,63288,230,1,64490
7245.0,226,0,63288,230,1,64470
7255.0,226,0,63288,230,1,64449
7265.0,226,0,63288,230,1,64429
7275.0,226,0,63288,230,1,64408
7285.0,225,0,63288,230,1,64387
7295.0,225,0,63288,230,1,64366
7305.0,225,0,63288,230,1,64344
7315.0,225,0,63288,230,1,64323
7325.0,224,0,63288,230,1,64301
7335.0,224,0,63288,230,1,64278
7345.0,224,0,63288,230,1,64256
7355.0,224,0,63288,230,1,64233
7365.0,223,0,63288,230,1,64210
7375.0,223,0,63288,230,1,64187
7385.0,223,0,63288,230,1,64163
7395.0,222,0,63288,230,1,64140
7405.0,222,0,63288,230,1,64116
7415.0,222,0,63288,230,1,64091
7425.0,222,0,63288,230,1,64067
7435.0,221,0,63288,230,1,64042
7445.0,221,0,63288,230,1,64017
7455.0,221,0,63288,230,1,63992
7465.0,221,0,63288,230,1,63966
7475.0,220,0,63288,230,1,63941
7485.0,220,0,63288,230,1,63915
7495.0,220,0,63288,230,1,63888
7505.0,219,0,63288,230,1,63862
7515.0,219,0,63288,230,1,63835
7525.0,219,0,63288,230,1,63808
7535.0,219,0,63288,230,1,63781
7545.0,218,0,63288,230,1,63753
7555.0,218,0,63288,230,1,63726
7565.0,218,0,63288,230,1,63698
7575.0,218,0,63288,230,1,63669
7585.0,217,0,63288,230,1,63641
7595.0,217,0,63288,230,1,63612
7605.0,217,0,63288,230,1,63583
7615.0,216,0,63288,230,1,63554
7625.0,216,0,63288,230,1,63524
7635.0,216,0,63288,230,1,63495
7645.0,216,0,63288,230,1,63465
7655.0,215,0,63288,230,1,63434
7665.0,215,0,63288,230,1,63404
7675.0,215,0,63288,230,1,63373
7685.0,214,0,63288,230,1,63342
7695.0,214,0,63288,230,1,63311
7705.0,214,0,63288,230,1,63279
7715.0,213,0,63288,230,1,63248
7725.0,213,0,63288,230,1,63216
7735.0,213,1,60534,230,1,63183
7745.0,213,0,60534,213,1,63151
7755.0,212,0,60534,213,1,63118
7765.0,212,0,60534,213,1,63084
7775.0,212,0,60534,213,1,63051
7785.0,211,0,60534,213,1,63017
7795.0,211,0,60534,213,1,62983
7805.0,211,0,60534,213,1,62948
7815.0,210,0,60534,213,1,62913
7825.0,210,0,60534,213,1,62878
7835.0,210,0,60534,213,1,62843
7845.0,210,0,60534,213,1,62807
7855.0,209,0,60534,213,1,62771
7865.0,209,0,60534,213,1,62735
7875.0,209,0,60534,213,1,62698
7885.0,208,0,60534,213,1,62661
7895.0,208,0,60534,213,1,62624
7905.0,208,0,60534,213,1,62586
7915.0,207,0,60534,213,1,62548
7925.0,207,0,60534,213,1,62510
7935.0,207,0,60534,213,1,62471
7945.0,206,0,60534,213,1,62432
7955.0,206,0,60534,213,1,62393
7965.0,206,0,60534,213,1,62354
7975.0,206,0,60534,213,1,62314
7985.0,205,0,60534,213,1,62274
7995.0,205,0,60534,213,1,62233
8005.0,205,0,60534,213,1,62193
8015.0,204,0,60534,213,1,62152
8025.0,204,0,60534,213,1,62110
8035.0,204,0,60534,213,1,62069
8045.0,203,0,60534,213,1,62027
8055.0,203,0,60534,213,1,61984
8065.0,203,0,60534,213,1,61942
8075.0,202,0,60534,213,1,61899
8085.0,202,0,60534,213,1,61855
8095.0,202,0,60534,213,1,61812
8105.0,201,0,60534,213,1,61768
8115.0,201,0,60534,213,1,61724
8125.0,201,0,60534,213,1,61679
8135.0,200,0,60534,213,1,61634
8145.0,200,0,60534,213,1,61589
8155.0,200,0,60534,213,1,61544
8165.0,199,0,60534,213,1,61498
8175.0,199,0,60534,213,1,61452
8185.0,199,0,60534,213,1,61406
8195.0,198,0,60534,213,1,61359
8205.0,198,0,60534,213,1,61312
8215.0,198,0,60534,213,1,61265
8225.0,197,0,60534,213,1,61217
8235.0,197,0,60534,213,1,61169
8245.0,197,0,60534,213,1,61121
8255.0,196,0,60534,213,1,61072
8265.0,196,0,60534,213,1,61023
8275.0,196,0,60534,213,1,60974
8285.0,195,0,60534,213,1,60925
8295.0,195,0,60534,213,1,60875
8305.0,195,0,60534,213,1,60825
8315.0,194,0,60534,213,1,60774
8325.0,194,0,60534,213,1,60724
8335.0,194,0,60534,213,1,60673
8345.0,193,0,60534,213,1,60621
8355.0,193,0,60534,213,1,60570
8365.0,193,0,60534,213,1,60518
8375.0,192,1,56661,213,1,60465
8385.0,192,0,56661,192,1,60413
8395.0,192,0,56661,192,1,60360
8405.0,191,0,56661,192,1,60307
8415.0,191,0,56661,192,1,60254
8425.0,191,0,56661,192,1,60200
8435.0,190,0,56661,192,1,60147
8445.0,190,0,56661,192,1,60093
8455.0,190,0,56661,192,1,60038
8465.0,189,0,56661,192,1,59984
8475.0,189,0,56661,192,1,59929
8485.0,188,0,56661,192,1,59874
8495.0,188,0,56661,192,1,59819
8505.0,188,0,56661,192,1,59763
8515.0,187,0,56661,192,1,59708
8525.0,187,0,56661,192,1,59652
8535.0,187,0,56661,192,1,59595
8545.0,186,0,56661,192,1,59539
8555.0,186,0,56661,192,1,59482
8565.0,186,0,56661,192,1,59425
8575.0,185,0,56661,192,1,59368
8585.0,185,0,56661,192,1,59310
8595.0,185,0,56661,192,1,59253
8605.0,184,0,56661,192,1,59195
8615.0,184,0,56661,192,1,59136
8625.0,184,0,56661,192,1,59078
8635.0,183,0,56661,192,1,59019
8645.0,183,0,56661,192,1,58960
8655.0,182,0,56661,192,1,58901
8665.0,182,0,56661,192,1,58841
8675.0,182,0,56661,192,1,58782
8685.0,181,0,56661,192,1,58722
8695.0,181,0,56661,192,1,58661
8705.0,181,0,56661,192,1,58601
8715.0,180,0,56661,192,1,58540
8725.0,180,0,56661,192,1,58479
8735.0,180,0,56661,192,1,58418
8745.0,179,0,56661,192,1,58356
8755.0,179,0,56661,192,1,58295
8765.0,178,0,56661,192,1,58233
8775.0,178,0,56661,192,1,58170
8785.0,178,0,56661,192,1,58108
8795.0,177,0,56661,192,1,58045
8805.0,177,0,56661,192,1,57982
8815.0,177,0,56661,192,1,57919
8825.0,176,0,56661,192,1,57855
8835.0,176,0,56661,192,1,57792
8845.0,175,0,56661,192,1,57728
8855.0,175,0,56661,192,1,57663
8865.0,175,0,56661,192,1,57599
8875.0,174,0,56661,192,1,57534
8885.0,174,0,56661,192,1,57469
8895.0,174,0,56661,192,1,57404
8905.0,173,0,56661,192,1,57338
8915.0,173,0,56661,192,1,57273
8925.0,173,0,56661,192,1,57207
8935.0,172,0,56661,192,1,57140
8945.0,172,0,56661,192,1,57074
8955.0,171,0,56661,192,1,57007
8965.0,171,0,56661,192,1,56940
8975.0,171,0,56661,192,1,56873
8985.0,170,0,56661,192,1,56805
8995.0,170,0,56661,192,1,56738
9005.0,170,0,56661,192,1,56670
9015.0,169,1,51821,192,1,56601
9025.0,169,0,51821,169,1,56533
9035.0,168,0,51821,169,1,56464
9045.0,168,0,51821,169,1,56395
9055.0,168,0,51821,169,1,56326
9065.0,167,0,51821,169,1,56256
9075.0,167,0,51821,169,1,56187
9085.0,166,0,51821,169,1,56117
9095.0,166,0,51821,169,1,56046
9105.0,166,0,51821,169,1,55976
9115.0,165,0,51821,169,1,55905
9125.0,165,0,51821,169,1,55834
9135.0,165,0,51821,169,1,55763
9145.0,164,0,51821,169,1,55691
9155.0,164,0,51821,169,1,55620
9165.0,163,0,51821,169,1,55548
9175.0,163,0,51821,169,1,55475
9185.0,163,0,51821,169,1,55403
9195.0,162,0,51821,169,1,55330
9205.0,162,0,51821,169,1,55257
9215.0,162,0,51821,169,1,55184
9225.0,161,0,51821,169,1,55110
9235.0,161,0,51821,169,1,55037
9245.0,160,0,51821,169,1,54963
9255.0,160,0,51821,169,1,54888
9265.0,160,0,51821,169,1,54814
9275.0,159,0,51821,169,1,54739
9285.0,159,0,51821,169,1,54664
9295.0,158,0,51821,169,1,54589
9305.0,158,0,51821,169,1,54513
9315.0,158,0,51821,169,1,54438
9325.0,157,0,51821,169,1,54362
9335.0,157,0,51821,169,1,54285
9345.0,156,0,51821,169,1,54209
9355.0,156,0,51821,169,1,54132
9365.0,156,0,51821,169,1,54055
9375.0,155,0,51821,169,1,53978
9385.0,155,0,51821,169,1,53900
9395.0,155,0,51821,169,1,53823
9405.0,154,0,51821,169,1,53745
9415.0,154,0,51821,169,1,53666
9425.0,153,0,51821,169,1,53588
9435.0,153,0,51821,169,1,53509
9445.0,153,0,51821,169,1,53430
9455.0,152,0,51821,169,1,53351
9465.0,152,0,51821,169,1,53271
9475.0,151,0,51821,169,1,53192
9485.0,151,0,51821,169,1,53112
9495.0,151,0,51821,169,1,53031
9505.0,150,0,51821,169,1,52951
9515.0,150,0,51821,169,1,52870
9525.0,149,0,51821,169,1,52789
9535.0,149,0,51821,169,1,52708
9545.0,149,0,51821,169,1,52626
9555.0,148,0,51821,169,1,52545
9565.0,148,0,51821,169,1,52463
9575.0,147,0,51821,169,1,52380
9585.0,147,0,51821,169,1,52298
9595.0,147,0,51821,169,1,52215
9605.0,146,0,51821,169,1,52132
9615.0,146,0,51821,169,1,52049
9625.0,145,0,51821,169,1,51965
9635.0,145,0,51821,169,1,51882
9645.0,145,0,51821,169,1,51798
9655.0,144,1,46219,169,1,51713
9665.0,144,0,46219,144,1,51629
9675.0,144,0,46219,144,1,51545
9685.0,143,0,46219,144,1,51460
9695.0,143,0,46219,144,1,51376
9705.0,142,0,46219,144,1,51291
9715.0,142,0,46219,144,1,51206
9725.0,142,0,46219,144,1,51121
9735.0,141,0,46219,144,1,51036
9745.0,141,0,46219,144,1,50951
9755.0,140,0,46219,144,1,50865
9765.0,140,0,46219,144,1,50780
9775.0,140,0,46219,144,1,50694
9785.0,139,0,46219,144,1,50608
9795.0,139,0,46219,144,1,50523
9805.0,138,0,46219,144,1,50437
9815.0,138,0,46219,144,1,50350
9825.0,138,0,46219,144,1,50264
9835.0,137,0,46219,144,1,50178
9845.0,137,0,46219,144,1,50091
9855.0,136,0,46219,144,1,50005
9865.0,136,0,46219,144,1,49918
9875.0,136,0,46219,144,1,49831
9885.0,135,0,46219,144,1,49744
9895.0,135,0,46219,144,1,49657
9905.0,134,0,46219,144,1,49570
9915.0,134,0,46219,144,1,49482
9925.0,134,0,46219,144,1,49395
9935.0,133,0,46219,144,1,49307
9945.0,133,0,46219,144,1,49219
9955.0,132,0,46219,144,1,49132
9965.0,132,0,46219,144,1,49044
9975.0,132,0,46219,144,1,48955
9985.0,131,0,46219,144,1,48867
9995.0,131,0,46219,144,1,48779
10005.0,130,0,46219,144,1,48690
10015.0,130,0,46219,144,1,48602
10025.0,130,0,46219,144,1,48513
10035.0,129,0,46219,144,1,48424
10045.0,129,0,46219,144,1,48335
10055.0,128,0,46219,144,1,48246
10065.0,128,0,46219,144,1,48157
10075.0,128,0,46219,144,1,48067
10085.0,127,0,46219,144,1,47978
10095.0,127,0,46219,144,1,47888
10105.0,126,0,46219,144,1,47798
10115.0,126,0,46219,144,1,47709
10125.0,126,0,46219,144,1,47619
10135.0,125,0,46219,144,1,47528
10145.0,125,0,46219,144,1,47438
10155.0,124,0,46219,144,1,47348
10165.0,124,0,46219,144,1,47257
10175.0,124,0,46219,144,1,47167
10185.0,123,0,46219,144,1,47076
10195.0,123,0,46219,144,1,46985
10205.0,122,0,46219,144,1,46894
10215.0,122,0,46219,144,1,46803
10225.0,122,0,46219,144,1,46712
10235.0,121,0,46219,144,1,46620
10245.0,121,0,46219,144,1,46529
10255.0,120,0,46219,144,1,46437
10265.0,120,0,46219,144,1,46345
10275.0,120,0,46219,144,1,46254
10285.0,119,0,46219,144,1,46162
10295.0,119,1,40072,144,1,46069
10305.0,118,0,40072,118,1,45977
10315.0,118,0,40072,118,1,45885
10325.0,118,0,40072,118,1,45792
10335.0,117,0,40072,118,1,45700
10345.0,117,0,40072,118,1,45607
10355.0,116,0,40072,118,1,45514
10365.0,116,0,40072,118,1,45421
10375.0,116,0,40072,118,1,45328
10385.0,115,0,40072,118,1,45235
10395.0,115,0,40072,118,1,45141
10405.0,114,0,40072,118,1,45048
10415.0,114,0,40072,118,1,44954
10425.0,114,0,40072,118,1,44860
10435.0,113,0,40072,118,1,44767
10445.0,113,0,40072,118,1,44673
10455.0,112,0,40072,118,1,44578
10465.0,112,0,40072,118,1,44484
10475.0,112,0,40072,118,1,44390
10485.0,111,0,40072,118,1,44295
10495.0,111,0,40072,118,1,44201
10505.0,111,0,40072,118,1,44106
10515.0,110,0,40072,118,1,44011
10525.0,110,0,40072,118,1,43916
10535.0,109,0,40072,118,1,43821
10545.0,109,0,40072,118,1,43726
10555.0,109,0,40072,118,1,43630
10565.0,108,0,40072,118,1,43535
10575.0,108,0,40072,118,1,43439
10585.0,107,0,40072,118,1,43343
10595.0,107,0,40072,118,1,43248
10605.0,107,0,40072,118,1,43152
10615.0,106,0,40072,118,1,43055
10625.0,106,0,40072,118,1,42959
10635.0,105,0,40072,118,1,42863
10645.0,105,0,40072,118,1,42766
10655.0,105,0,40072,118,1,42670
10665.0,104,0,40072,118,1,42573
10675.0,104,0,40072,118,1,42476
10685.0,103,0,40072,118,1,42379
10695.0,103,0,40072,118,1,42282
10705.0,103,0,40072,118,1,42185
10715.0,102,0,40072,118,1,42087
10725.0,102,0,40072,118,1,41990
10735.0,101,0,40072,118,1,41892
10745.0,101,0,40072,118,1,41794
10755.0,101,0,40072,118,1,41697
10765.0,100,0,40072,118,1,41599
10775.0,100,0,40072,118,1,41500
10785.0,100,0,40072,118,1,41402
10795.0,99,0,40072,118,1,41304
10805.0,99,0,40072,118,1,41205
10815.0,98,0,40072,118,1,41107
10825.0,98,0,40072,118,1,41008
10835.0,98,0,40072,118,1,40909
10845.0,97,0,40072,118,1,40810
10855.0,97,0,40072,118,1,40711
10865.0,96,0,40072,118,1,40612
10875.0,96,0,40072,118,1,40512
10885.0,96,0,40072,118,1,40413
10895.0,95,0,40072,118,1,40313
10905.0,95,0,40072,118,1,40213
10915.0,94,0,40072,118,1,40114
10925.0,94,0,40072,118,1,40014
10935.0,94,1,33632,118,1,39913
10945.0,93,0,33632,93,1,39813
10955.0,93,0,33632,93,1,39713
10965.0,93,0,33632,93,1,39613
10975.0,92,0,33632,93,1,39513
10985.0,92,0,33632,93,1,39412
10995.0,91,0,33632,93,1,39312
11005.0,91,0,33632,93,1,39211
11015.0,91,0,33632,93,1,39111
11025.0,90,0,33632,93,1,39010
11035.0,90,0,33632,93,1,38909
11045.0,90,0,33632,93,1,38809
11055.0,89,0,33632,93,1,38708
11065.0,89,0,33632,93,1,38607
11075.0,88,0,33632,93,1,38506
11085.0,88,0,33632,93,1,38405
11095.0,88,0,33632,93,1,38304
11105.0,87,0,33632,93,1,38203
11115.0,87,0,33632,93,1,38102
11125.0,86,0,33632,93,1,38000
11135.0,86,0,33632,93,1,37899
11145.0,86,0,33632,93,1,37798
11155.0,85,0,33632,93,1,37696
11165.0,85,0,33632,93,1,37595
11175.0,85,0,33632,93,1,37493
11185.0,84,0,33632,93,1,37392
11195.0,84,0,33632,93,1,37290
11205.0,83,0,33632,93,1,37188
11215.0,83,0,33632,93,1,37086
11225.0,83,0,33632,93,1,36984
11235.0,82,0,33632,93,1,36883
11245.0,82,0,33632,93,1,36781
11255.0,82,0,33632,93,1,36678
11265.0,81,0,33632,93,1,36576
11275.0,81,0,33632,93,1,36474
11285.0,81,0,33632,93,1,36372
11295.0,80,0,33632,93,1,36270
11305.0,80,0,33632,93,1,36167
11315.0,79,0,33632,93,1,36065
11325.0,79,0,33632,93,1,35962
11335.0,79,0,33632,93,1,35860
11345.0,78,0,33632,93,1,35757
11355.0,78,0,33632,93,1,35654
11365.0,78,0,33632,93,1,35552
11375.0,77,0,33632,93,1,35449
11385.0,77,0,33632,93,1,35346
11395.0,76,0,33632,93,1,35243
11405.0,76,0,33632,93,1,35140
11415.0,76,0,33632,93,1,35037
11425.0,75,0,33632,93,1,34934
11435.0,75,0,33632,93,1,34831
11445.0,75,0,33632,93,1,34727
11455.0,74,0,33632,93,1,34624
11465.0,74,0,33632,93,1,34521
11475.0,74,0,33632,93,1,34417
11485.0,73,0,33632,93,1,34314
11495.0,73,0,33632,93,1,34210
11505.0,72,0,33632,93,1,34107
11515.0,72,0,33632,93,1,34003
11525.0,72,0,33632,93,1,33899
11535.0,71,0,33632,93,1,33795
11545.0,71,0,33632,93,1,33691
11555.0,71,0,33632,93,1,33588
11565.0,70,0,33632,93,1,33484
11575.0,70,1,27155,93,1,33380
11585.0,70,0,27155,70,1,33276
11595.0,69,0,27155,70,1,33172
11605.0,69,0,27155,70,1,33068
11615.0,69,0,27155,70,1,32964
11625.0,68,0,27155,70,1,32861
11635.0,68,0,27155,70,1,32757
11645.0,68,0,27155,70,1,32654
11655.0,67,0,27155,70,1,32550
11665.0,67,0,27155,70,1,32447
11675.0,66,0,27155,70,1,32344
11685.0,66,0,27155,70,1,32240
11695.0,66,0,27155,70,1,32137
11705.0,65,0,27155,70,1,32034
11715.0,65,0,27155,70,1,31931
11725.0,65,0,27155,70,1,31828
11735.0,64,0,27155,70,1,31725
11745.0,64,0,27155,70,1,31622
11755.0,64,0,27155,70,1,31519
11765.0,63,0,27155,70,1,31417
11775.0,63,0,27155,70,1,31314
11785.0,63,0,27155,70,1,31211
11795.0,62,0,27155,70,1,31109
11805.0,62,0,27155,70,1,31006
11815.0,62,0,27155,70,1,30904
11825.0,61,0,27155,70,1,30801
11835.0,61,0,27155,70,1,30699
11845.0,61,0,27155,70,1,30597
11855.0,60,0,27155,70,1,30495
11865.0,60,0,27155,70,1,30393
11875.0,60,0,27155,70,1,30291
11885.0,59,0,27155,70,1,30189
11895.0,59,0,27155,70,1,30087
11905.0,59,0,27155,70,1,29985
11915.0,58,0,27155,70,1,29883
11925.0,58,0,27155,70,1,29781
11935.0,58,0,27155,70,1,29679
11945.0,57,0,27155,70,1,29578
11955.0,57,0,27155,70,1,29476
11965.0,57,0,27155,70,1,29375
11975.0,56,0,27155,70,1,29273
11985.0,56,0,27155,70,1,29172
11995.0,56,0,27155,70,1,29071
12005.0,55,0,27155,70,1,28969
12015.0,55,0,27155,70,1,28868
12025.0,55,0,27155,70,1,28767
12035.0,54,0,27155,70,1,28666
12045.0,54,0,27155,70,1,28565
12055.0,54,0,27155,70,1,28464
12065.0,53,0,27155,70,1,28363
12075.0,53,0,27155,70,1,28262
12085.0,53,0,27155,70,1,28162
12095.0,52,0,27155,70,1,28061
12105.0,52,0,27155,70,1,27960
12115.0,52,0,27155,70,1,27860
12125.0,51,0,27155,70,1,27759
12135.0,51,0,27155,70,1,27659
12145.0,51,0,27155,70,1,27558
12155.0,50,0,27155,70,1,27458
12165.0,50,0,27155,70,1,27358
12175.0,50,0,27155,70,1,27258
12185.0,50,0,27155,70,1,27158
12195.0,49,0,27155,70,1,27058
12205.0,49,0,27155,70,1,26958
12215.0,49,1,20906,70,1,26858
12225.0,48,0,20906,48,1,26758
12235.0,48,0,20906,48,1,26658
12245.0,48,0,20906,48,1,26559
12255.0,47,0,20906,48,1,26459
12265.0,47,0,20906,48,1,26360
12275.0,47,0,20906,48,1,26261
12285.0,46,0,20906,48,1,26162
12295.0,46,0,20906,48,1,26063
12305.0,46,0,20906,48,1,25964
12315.0,46,0,20906,48,1,25866
12325.0,45,0,20906,48,1,25767
12335.0,45,0,20906,48,1,25669
12345.0,45,0,20906,48,1,25571
12355.0,44,0,20906,48,1,25473
12365.0,44,0,20906,48,1,25375
12375.0,44,0,20906,48,1,25277
12385.0,43,0,20906,48,1,25179
12395.0,43,0,20906,48,1,25081
12405.0,43,0,20906,48,1,24984
12415.0,43,0,20906,48,1,24886
12425.0,42,0,20906,48,1,24789
12435.0,42,0,20906,48,1,24692
12445.0,42,0,20906,48,1,24595
12455.0,41,0,20906,48,1,24498
12465.0,41,0,20906,48,1,24401
12475.0,41,0,20906,48,1,24305
12485.0,40,0,20906,48,1,24208
12495.0,40,0,20906,48,1,24112
12505.0,40,0,20906,48,1,24016
12515.0,40,0,20906,48,1,23920
12525.0,39,0,20906,48,1,23824
12535.0,39,0,20906,48,1,23728
12545.0,39,0,20906,48,1,23632
12555.0,38,0,20906,48,1,23536
12565.0,38,0,20906,48,1,23441
12575.0,38,0,20906,48,1,23345
12585.0,38,0,20906,48,1,23250
12595.0,37,0,20906,48,1,23155
12605.0,37,0,20906,48,1,23060
12615.0,37,0,20906,48,1,22965
12625.0,37,0,20906,48,1,22870
12635.0,36,0,20906,48,1,22776
12645.0,36,0,20906,48,1,22681
12655.0,36,0,20906,48,1,22587
12665.0,35,0,20906,48,1,22493
12675.0,35,0,20906,48,1,22399
12685.0,35,0,20906,48,1,22305
12695.0,35,0,20906,48,1,22211
12705.0,34,0,20906,48,1,22117
12715.0,34,0,20906,48,1,22023
12725.0,34,0,20906,48,1,21930
12735.0,34,0,20906,48,1,21836
12745.0,33,0,20906,48,1,21743
12755.0,33,0,20906,48,1,21650
12765.0,33,0,20906,48,1,21557
12775.0,32,0,20906,48,1,21464
12785.0,32,0,20906,48,1,21371
12795.0,32,0,20906,48,1,21279
12805.0,32,0,20906,48,1,21186
12815.0,31,0,20906,48,1,21094
12825.0,31,0,20906,48,1,21002
12835.0,31,0,20906,48,1,20910
12845.0,31,0,20906,48,1,20818
12855.0,30,1,15136,48,1,20726
12865.0,30,0,15136,30,1,20634
12875.0,30,0,15136,30,1,20542
12885.0,30,0,15136,30,1,20450
12895.0,29,0,15136,30,1,20358
12905.0,29,0,15136,30,1,20267
12915.0,29,0,15136,30,1,20175
12925.0,29,0,15136,30,1,20084
12935.0,28,0,15136,30,1,19992
12945.0,28,0,15136,30,1,19901
12955.0,28,0,15136,30,1,19810
12965.0,28,0,15136,30,1,19718
12975.0,27,0,15136,30,1,19627
12985.0,27,0,15136,30,1,19536
12995.0,27,0,15136,30,1,19445
13005.0,27,0,15136,30,1,19354
13015.0,26,0,15136,30,1,19263
13025.0,26,0,15136,30,1,19172
13035.0,26,0,15136,30,1,19081
13045.0,26,0,15136,30,1,18991
13055.0,25,0,15136,30,1,18900
13065.0,25,0,15136,30,1,18809
13075.0,25,0,15136,30,1,18719
13085.0,25,0,15136,30,1,18628
13095.0,25,0,15136,30,1,18538
13105.0,24,0,15136,30,1,18447
13115.0,24,0,15136,30,1,18357
13125.0,24,0,15136,30,1,18267
13135.0,24,0,15136,30,1,18177
13145.0,23,0,15136,30,1,18087
13155.0,23,0,15136,30,1,17997
13165.0,23,0,15136,30,1,17907
13175.0,23,0,15136,30,1,17817
13185.0,23,0,15136,30,1,17727
13195.0,22,0,15136,30,1,17637
13205.0,22,0,15136,30,1,17547
13215.0,22,0,15136,30,1,17457
13225.0,22,0,15136,30,1,17368
13235.0,21,0,15136,30,1,17278
13245.0,21,0,15136,30,1,17189
13255.0,21,0,15136,30,1,17099
13265.0,21,0,15136,30,1,17010
13275.0,21,0,15136,30,1,16921
13285.0,20,0,15136,30,1,16831
13295.0,20,0,15136,30,1,16742
13305.0,20,0,15136,30,1,16653
13315.0,20,0,15136,30,1,16564
13325.0,20,0,15136,30,1,16475
13335.0,19,0,15136,30,1,16386
13345.0,19,0,15136,30,1,16297
13355.0,19,0,15136,30,1,16208
13365.0,19,0,15136,30,1,16120
13375.0,18,0,15136,30,1,16031
13385.0,18,0,15136,30,1,15942
13395.0,18,0,15136,30,1,15854
13405.0,18,0,15136,30,1,15765
13415.0,18,0,15136,30,1,15677
13425.0,17,0,15136,30,1,15588
13435.0,17,0,15136,30,1,15500
13445.0,17,0,15136,30,1,15412
13455.0,17,0,15136,30,1,15324
13465.0,17,0,15136,30,1,15236
13475.0,17,0,15136,30,1,15148
13485.0,16,0,15136,30,1,15060
13495.0,16,1,10073,30,1,14972
13505.0,16,0,10073,16,1,14884
13515.0,16,0,10073,16,1,14797
13525.0,16,0,10073,16,1,14710
13535.0,15,0,10073,16,1,14623
13545.0,15,0,10073,16,1,14537
13555.0,15,0,10073,16,1,14451
13565.0,15,0,10073,16,1,14365
13575.0,15,0,10073,16,1,14279
13585.0,14,0,10073,16,1,14193
13595.0,14,0,10073,16,1,14108
13605.0,14,0,10073,16,1,14023
13615.0,14,0,10073,16,1,13938
13625.0,14,0,10073,16,1,13854
13635.0,14,0,10073,16,1,13770
13645.0,13,0,10073,16,1,13686
13655.0,13,0,10073,16,1,13602
13665.0,13,0,10073,16,1,13518
13675.0,13,0,10073,16,1,13435
13685.0,13,0,10073,16,1,13352
13695.0,13,0,10073,16,1,13269
13705.0,12,0,10073,16,1,13187
13715.0,12,0,10073,16,1,13105
13725.0,12,0,10073,16,1,13023
13735.0,12,0,10073,16,1,12941
13745.0,12,0,10073,16,1,12859
13755.0,12,0,10073,16,1,12778
13765.0,11,0,10073,16,1,12697
13775.0,11,0,10073,16,1,12616
13785.0,11,0,10073,16,1,12536
13795.0,11,0,10073,16,1,12456
13805.0,11,0,10073,16,1,12376
13815.0,11,0,10073,16,1,12296
13825.0,11,0,10073,16,1,12216
13835.0,10,0,10073,16,1,12137
13845.0,10,0,10073,16,1,12058
13855.0,10,0,10073,16,1,11979
13865.0,10,0,10073,16,1,11901
13875.0,10,0,10073,16,1,11823
13885.0,10,0,10073,16,1,11745
13895.0,9,0,10073,16,1,11667
13905.0,9,0,10073,16,1,11589
13915.0,9,0,10073,16,1,11512
13925.0,9,0,10073,16,1,11435
13935.0,9,0,10073,16,1,11358
13945.0,9,0,10073,16,1,11282
13955.0,9,0,10073,16,1,11206
13965.0,9,0,10073,16,1,11130
13975.0,8,0,10073,16,1,11054
13985.0,8,0,10073,16,1,10978
13995.0,8,0,10073,16,1,10903
14005.0,8,0,10073,16,1,10828
14015.0,8,0,10073,16,1,10753
14025.0,8,0,10073,16,1,10679
14035.0,8,0,10073,16,1,10605
14045.0,7,0,10073,16,1,10531
14055.0,7,0,10073,16,1,10457
14065.0,7,0,10073,16,1,10383
14075.0,7,0,10073,16,1,10310
14085.0,7,0,10073,16,1,10237
14095.0,7,0,10073,16,1,10164
14105.0,7,0,10073,16,1,10092
14115.0,7,0,10073,16,1,10020
14125.0,6,0,10073,16,1,9948
14135.0,6,1,5926,16,1,9876
14145.0,6,0,5926,6,1,9804
14155.0,6,0,5926,6,1,9733
14165.0,6,0,5926,6,1,9662
14175.0,6,0,5926,6,1,9591
14185.0,6,0,5926,6,1,9521
14195.0,6,0,5926,6,1,9451
14205.0,6,0,5926,6,1,9381
14215.0,6,0,5926,6,1,9311
14225.0,5,0,5926,6,1,9241
14235.0,5,0,5926,6,1,9172
14245.0,5,0,5926,6,1,9103
14255.0,5,0,5926,6,1,9034
14265.0,5,0,5926,6,1,8966
14275.0,5,0,5926,6,1,8898
14285.0,5,0,5926,6,1,8830
14295.0,5,0,5926,6,1,8762
14305.0,5,0,5926,6,1,8694
14315.0,5,0,5926,6,1,8627
14325.0,4,0,5926,6,1,8560
14335.0,4,0,5926,6,1,8493
14345.0,4,0,5926,6,1,8427
14355.0,4,0,5926,6,1,8361
14365.0,4,0,5926,6,1,8295
14375.0,4,0,5926,6,1,8229
14385.0,4,0,5926,6,1,8163
14395.0,4,0,5926,6,1,8098
14405.0,4,0,5926,6,1,8033
14415.0,4,0,5926,6,1,7968
14425.0,4,0,5926,6,1,7904
14435.0,3,0,5926,6,1,7840
14445.0,3,0,5926,6,1,7776
14455.0,3,0,5926,6,1,7712
14465.0,3,0,5926,6,1,7648
14475.0,3,0,5926,6,1,7585
14485.0,3,0,5926,6,1,7522
14495.0,3,0,5926,6,1,7459
14505.0,3,0,5926,6,1,7397
14515.0,3,0,5926,6,1,7335
14525.0,3,0,5926,6,1,7273
14535.0,3,0,5926,6,1,7211
14545.0,3,0,5926,6,1,7149
14555.0,3,0,5926,6,1,7088
14565.0,3,0,5926,6,1,7027
14575.0,3,0,5926,6,1,6966
14585.0,2,0,5926,6,1,6906
14595.0,2,0,5926,6,1,6846
14605.0,2,0,5926,6,1,6786
14615.0,2,0,5926,6,1,6726
14625.0,2,0,5926,6,1,6666
14635.0,2,0,5926,6,1,6607
14645.0,2,0,5926,6,1,6548
14655.0,2,0,5926,6,1,6489
14665.0,2,0,5926,6,1,6431
14675.0,2,0,5926,6,1,6373
14685.0,2,0,5926,6,1,6315
14695.0,2,0,5926,6,1,6257
14705.0,2,0,5926,6,1,6199
14715.0,2,0,5926,6,1,6142
14725.0,2,0,5926,6,1,6085
14735.0,2,0,5926,6,1,6028
14745.0,2,0,5926,6,1,5972
14755.0,2,0,5926,6,1,5916
14765.0,2,0,5926,6,1,5860
14775.0,2,1,2862,6,1,5804
14785.0,1,0,2862,1,1,5748
14795.0,1,0,2862,1,1,5693
14805.0,1,0,2862,1,1,5638
14815.0,1,0,2862,1,1,5583
14825.0,1,0,2862,1,1,5529
14835.0,1,0,2862,1,1,5475
14845.0,1,0,2862,1,1,5421
14855.0,1,0,2862,1,1,5367
14865.0,1,0,2862,1,1,5313
14875.0,1,0,2862,1,1,5260
14885.0,1,0,2862,1,1,5207
14895.0,1,0,2862,1,1,5154
14905.0,1,0,2862,1,1,5102
14915.0,1,0,2862,1,1,5050
14925.0,1,0,2862,1,1,4998
14935.0,1,0,2862,1,1,4946
14945.0,1,0,2862,1,1,4894
14955.0,1,0,2862,1,1,4843
14965.0,1,0,2862,1,1,4792
14975.0,1,0,2862,1,1,4741
14985.0,1,0,2862,1,1,4691
14995.0,1,0,2862,1,1,4641
15005.0,1,0,2862,1,1,4591
15015.0,1,0,2862,1,1,4541
15025.0,1,0,2862,1,1,4491
15035.0,1,0,2862,1,1,4442
15045.0,1,0,2862,1,1,4393
15055.0,1,0,2862,1,1,4344
15065.0,1,0,2862,1,1,4296
15075.0,1,0,2862,1,1,4248
15085.0,1,0,2862,1,1,4200
15095.0,1,0,2862,1,1,4152
15105.0,1,0,2862,1,1,4104
15115.0,1,0,2862,1,1,4057
15125.0,1,0,2862,1,1,4010
15135.0,1,0,2862,1,1,3963
15145.0,1,0,2862,1,1,3917
15155.0,1,0,2862,1,1,3871
15165.0,1,0,2862,1,1,3825
15175.0,1,0,2862,1,1,3779
15185.0,1,0,2862,1,1,3733
15195.0,1,0,2862,1,1,3688
15205.0,1,0,2862,1,1,3643
15215.0,1,0,2862,1,1,3598
15225.0,1,0,2862,1,1,3554
15235.0,1,0,2862,1,1,3510
15245.0,1,0,2862,1,1,3466
15255.0,1,0,2862,1,1,3422
15265.0,1,0,2862,1,1,3378
15275.0,1,0,2862,1,1,3335
15285.0,1,0,2862,1,1,3292
15295.0,1,0,2862,1,1,3249
15305.0,1,0,2862,1,1,3207
15315.0,1,0,2862,1,1,3165
15325.0,1,0,2862,1,1,3123
15335.0,1,0,2862,1,1,3081
15345.0,1,0,2862,1,1,3039
15355.0,2,0,2862,1,1,2998
15365.0,2,0,2862,1,1,2957
15375.0,2,0,2862,1,1,2916
15385.0,2,0,2862,1,1,2876
15395.0,2,0,2862,1,1,2836
15405.0,2,0,2862,1,1,2796
15415.0,2,1,1000,1,1,2756
15425.0,2,0,1000,2,1,2716
15435.0,2,0,1000,2,1,2677
15445.0,2,0,1000,2,1,2639
15455.0,2,0,1000,2,1,2600
15465.0,2,0,1000,2,1,2562
15475.0,2,0,1000,2,1,2524
15485.0,2,0,1000,2,1,2487
15495.0,2,0,1000,2,1,2450
15505.0,2,0,1000,2,1,2413
15515.0,2,0,1000,2,1,2376
15525.0,2,0,1000,2,1,2340
15535.0,2,0,1000,2,1,2304
15545.0,2,0,1000,2,1,2268
15555.0,3,0,1000,2,1,2233
15565.0,3,0,1000,2,1,2198
15575.0,3,0,1000,2,1,2163
15585.0,3,0,1000,2,1,2129
15595.0,3,0,1000,2,1,2095
15605.0,3,0,1000,2,1,2061
15615.0,3,0,1000,2,1,2028
15625.0,3,0,1000,2,1,1995
15635.0,3,0,1000,2,1,1962
15645.0,3,0,1000,2,1,1929
15655.0,3,0,1000,2,1,1897
15665.0,3,0,1000,2,1,1865
15675.0,3,0,1000,2,1,1834
15685.0,3,0,1000,2,1,1802
15695.0,3,0,1000,2,1,1771
15705.0,4,0,1000,2,1,1741
15715.0,4,0,1000,2,1,1711
15725.0,4,0,1000,2,1,1681
15735.0,4,0,1000,2,1,1651
15745.0,4,0,1000,2,1,1621
15755.0,4,0,1000,2,1,1592
15765.0,4,0,1000,2,1,1564
15775.0,4,0,1000,2,1,1535
15785.0,4,0,1000,2,1,1507
15795.0,4,0,1000,2,1,1479
15805.0,4,0,1000,2,1,1452
15815.0,5,0,1000,2,1,1425
15825.0,5,0,1000,2,1,1398
15835.0,5,0,1000,2,1,1371
15845.0,5,0,1000,2,1,1345
15855.0,5,0,1000,2,1,1319
15865.0,5,0,1000,2,1,1293
15875.0,5,0,1000,2,1,1268
15885.0,5,0,1000,2,1,1243
15895.0,5,0,1000,2,1,1218
15905.0,5,0,1000,2,1,1194
15915.0,6,0,1000,2,1,1170
15925.0,6,0,1000,2,1,1146
15935.0,6,0,1000,2,1,1123
15945.0,6,0,1000,2,1,1100
15955.0,6,0,1000,2,1,1077
15965.0,6,0,1000,2,1,1054
15975.0,6,0,1000,2,1,1032
15985.0,6,0,1000,2,1,1010
15995.0,6,0,1000,2,1,989
16005.0,6,0,1000,2,1,967
16015.0,7,0,1000,2,1,946
16025.0,7,0,1000,2,1,926
16035.0,7,0,1000,2,1,906
16045.0,7,0,1000,2,1,886
16055.0,7,1,407,2,1,866
16065.0,7,0,407,7,1,847
16075.0,7,0,407,7,1,828
16085.0,7,0,407,7,1,809
16095.0,8,0,407,7,1,791
16105.0,8,0,407,7,1,773
16115.0,8,0,407,7,1,756
16125.0,8,0,407,7,1,739
16135.0,8,0,407,7,1,722
16145.0,8,0,407,7,1,706
16155.0,8,0,407,7,1,690
16165.0,9,0,407,7,1,675
16175.0,9,0,407,7,1,660
16185.0,9,0,407,7,1,645
16195.0,9,0,407,7,1,631
16205.0,9,0,407,7,1,617
16215.0,9,0,407,7,1,603
16225.0,9,0,407,7,1,590
16235.0,9,0,407,7,1,577
16245.0,10,0,407,7,1,564
16255.0,10,0,407,7,1,552
16265.0,10,0,407,7,1,540
16275.0,10,0,407,7,1,529
16285.0,10,0,407,7,1,518
16295.0,10,0,407,7,1,507
16305.0,11,0,407,7,1,497
16315.0,11,0,407,7,1,487
16325.0,11,0,407,7,1,478
16335.0,11,0,407,7,1,469
16345.0,11,0,407,7,1,460
16355.0,11,0,407,7,1,452
16365.0,11,0,407,7,1,444
16375.0,12,0,407,7,1,436
16385.0,12,0,407,7,1,429
16395.0,12,0,407,7,1,422
16405.0,12,0,407,7,1,415
16415.0,12,0,407,7,1,409
16425.0,12,0,407,7,1,403
16435.0,13,0,407,7,1,398
16445.0,13,0,407,7,1,393
16455.0,13,0,407,7,1,388
16465.0,13,0,407,7,1,384
16475.0,13,0,407,7,1,380
16485.0,13,0,407,7,1,377
16495.0,14,0,407,7,1,374
16505.0,14,0,407,7,1,371
16515.0,14,0,407,7,1,369
16525.0,14,0,407,7,1,367
16535.0,14,0,407,7,1,365
16545.0,14,0,407,7,1,364
16555.0,15,0,407,7,1,363
16565.0,15,0,407,7,1,362
16575.0,15,0,407,7,1,362
16585.0,15,0,407,7,1,362
16595.0,15,0,407,7,1,363
16605.0,16,0,407,7,1,364
16615.0,16,0,407,7,1,365
16625.0,16,0,407,7,1,367
16635.0,16,0,407,7,1,369
16645.0,16,0,407,7,1,372
16655.0,17,0,407,7,1,375
16665.0,17,0,407,7,1,378
16675.0,17,0,407,7,1,382
16685.0,17,0,407,7,1,386
16695.0,17,1,1143,7,1,390
16705.0,17,0,1143,17,1,394
16715.0,18,0,1143,17,1,399
16725.0,18,0,1143,17,1,404
16735.0,18,0,1143,17,1,409
16745.0,18,0,1143,17,1,415
16755.0,18,0,1143,17,1,421
16765.0,19,0,1143,17,1,427
16775.0,19,0,1143,17,1,433
16785.0,19,0,1143,17,1,439
16795.0,19,0,1143,17,1,446
16805.0,20,0,1143,17,1,453
16815.0,20,0,1143,17,1,460
16825.0,20,0,1143,17,1,468
16835.0,20,0,1143,17,1,476
16845.0,20,0,1143,17,1,484
16855.0,21,0,1143,17,1,492
16865.0,21,0,1143,17,1,500
16875.0,21,0,1143,17,1,509
16885.0,21,0,1143,17,1,518
16895.0,21,0,1143,17,1,527
16905.0,22,0,1143,17,1,537
16915.0,22,0,1143,17,1,547
16925.0,22,0,1143,17,1,557
16935.0,22,0,1143,17,1,567
16945.0,23,0,1143,17,1,577
16955.0,23,0,1143,17,1,588
16965.0,23,0,1143,17,1,599
16975.0,23,0,1143,17,1,610
16985.0,23,0,1143,17,1,622
16995.0,24,0,1143,17,1,634
17005.0,24,0,1143,17,1,646
17015.0,24,0,1143,17,1,658
17025.0,24,0,1143,17,1,670
17035.0,25,0,1143,17,1,683
17045.0,25,0,1143,17,1,696
17055.0,25,0,1143,17,1,709
17065.0,25,0,1143,17,1,723
17075.0,25,0,1143,17,1,737
17085.0,26,0,1143,17,1,751
17095.0,26,0,1143,17,1,765
17105.0,26,0,1143,17,1,779
17115.0,26,0,1143,17,1,794
17125.0,27,0,1143,17,1,809
17135.0,27,0,1143,17,1,824
17145.0,27,0,1143,17,1,840
17155.0,27,0,1143,17,1,856
17165.0,28,0,1143,17,1,872
17175.0,28,0,1143,17,1,888
17185.0,28,0,1143,17,1,904
17195.0,28,0,1143,17,1,921
17205.0,29,0,1143,17,1,938
17215.0,29,0,1143,17,1,955
17225.0,29,0,1143,17,1,973
17235.0,29,0,1143,17,1,991
17245.0,30,0,1143,17,1,1009
17255.0,30,0,1143,17,1,1027
17265.0,30,0,1143,17,1,1045
17275.0,30,0,1143,17,1,1064
17285.0,31,0,1143,17,1,1083
17295.0,31,0,1143,17,1,1102
17305.0,31,0,1143,17,1,1122
17315.0,31,0,1143,17,1,1142
17325.0,32,0,1143,17,1,1162
17335.0,32,1,3140,17,1,1182
17345.0,32,0,3140,32,1,1202
17355.0,32,0,3140,32,1,1223
17365.0,33,0,3140,32,1,1245
17375.0,33,0,3140,32,1,1266
17385.0,33,0,3140,32,1,1288
17395.0,34,0,3140,32,1,1310
17405.0,34,0,3140,32,1,1333
17415.0,34,0,3140,32,1,1356
17425.0,34,0,3140,32,1,1379
17435.0,35,0,3140,32,1,1402
17445.0,35,0,3140,32,1,1426
17455.0,35,0,3140,32,1,1450
17465.0,35,0,3140,32,1,1474
17475.0,36,0,3140,32,1,1499
17485.0,36,0,3140,32,1,1524
17495.0,36,0,3140,32,1,1549
17505.0,37,0,3140,32,1,1575
17515.0,37,0,3140,32,1,1601
17525.0,37,0,3140,32,1,1627
17535.0,37,0,3140,32,1,1654
17545.0,38,0,3140,32,1,1681
17555.0,38,0,3140,32,1,1708
17565.0,38,0,3140,32,1,1735
17575.0,38,0,3140,32,1,1763
17585.0,39,0,3140,32,1,1791
17595.0,39,0,3140,32,1,1820
17605.0,39,0,3140,32,1,1848
17615.0,40,0,3140,32,1,1877
17625.0,40,0,3140,32,1,1907
17635.0,40,0,3140,32,1,1937
17645.0,40,0,3140,32,1,1967
17655.0,41,0,3140,32,1,1997
17665.0,41,0,3140,32,1,2027
17675.0,41,0,3140,32,1,2058
17685.0,42,0,3140,32,1,2090
17695.0,42,0,3140,32,1,2121
17705.0,42,0,3140,32,1,2153
17715.0,43,0,3140,32,1,2185
17725.0,43,0,3140,32,1,2218
17735.0,43,0,3140,32,1,2251
17745.0,43,0,3140,32,1,2284
17755.0,44,0,3140,32,1,2317
17765.0,44,0,3140,32,1,2351
17775.0,44,0,3140,32,1,2385
17785.0,45,0,3140,32,1,2419
17795.0,45,0,3140,32,1,2454
17805.0,45,0,3140,32,1,2489
17815.0,46,0,3140,32,1,2524
17825.0,46,0,3140,32,1,2560
17835.0,46,0,3140,32,1,2596
17845.0,46,0,3140,32,1,2632
17855.0,47,0,3140,32,1,2669
17865.0,47,0,3140,32,1,2706
17875.0,47,0,3140,32,1,2743
17885.0,48,0,3140,32,1,2780
17895.0,48,0,3140,32,1,2818
17905.0,48,0,3140,32,1,2856
17915.0,49,0,3140,32,1,2895
17925.0,49,0,3140,32,1,2933
17935.0,49,0,3140,32,1,2972
17945.0,50,0,3140,32,1,3012
17955.0,50,0,3140,32,1,3052
17965.0,50,0,3140,32,1,3092
17975.0,50,1,6329,32,1,3132
17985.0,51,0,6329,51,1,3172
17995.0,51,0,6329,51,1,3213
18005.0,51,0,6329,51,1,3255
18015.0,52,0,6329,51,1,3296
18025.0,52,0,6329,51,1,3338
18035.0,52,0,6329,51,1,3380
18045.0,53,0,6329,51,1,3423
18055.0,53,0,6329,51,1,3466
18065.0,53,0,6329,51,1,3509
18075.0,54,0,6329,51,1,3552
18085.0,54,0,6329,51,1,3596
18095.0,54,0,6329,51,1,3640
18105.0,55,0,6329,51,1,3684
18115.0,55,0,6329,51,1,3729
18125.0,55,0,6329,51,1,3774
18135.0,56,0,6329,51,1,3819
18145.0,56,0,6329,51,1,3865
18155.0,56,0,6329,51,1,3911
18165.0,57,0,6329,51,1,3957
18175.0,57,0,6329,51,1,4004
18185.0,57,0,6329,51,1,4051
18195.0,58,0,6329,51,1,4098
18205.0,58,0,6329,51,1,4145
18215.0,58,0,6329,51,1,4193
18225.0,59,0,6329,51,1,4241
18235.0,59,0,6329,51,1,4290
18245.0,59,0,6329,51,1,4338
18255.0,60,0,6329,51,1,4387
18265.0,60,0,6329,51,1,4437
18275.0,60,0,6329,51,1,4487
18285.0,61,0,6329,51,1,4537
18295.0,61,0,6329,51,1,4587
18305.0,61,0,6329,51,1,4637
18315.0,62,0,6329,51,1,4688
18325.0,62,0,6329,51,1,4740
18335.0,62,0,6329,51,1,4791
18345.0,63,0,6329,51,1,4843
18355.0,63,0,6329,51,1,4895
18365.0,63,0,6329,51,1,4948
18375.0,64,0,6329,51,1,5001
18385.0,64,0,6329,51,1,5054
18395.0,64,0,6329,51,1,5107
18405.0,65,0,6329,51,1,5161
18415.0,65,0,6329,51,1,5215
18425.0,65,0,6329,51,1,5269
18435.0,66,0,6329,51,1,5324
18445.0,66,0,6329,51,1,5379
18455.0,66,0,6329,51,1,5434
18465.0,67,0,6329,51,1,5490
18475.0,67,0,6329,51,1,5546
18485.0,68,0,6329,51,1,5602
18495.0,68,0,6329,51,1,5659
18505.0,68,0,6329,51,1,5716
18515.0,69,0,6329,51,1,5773
18525.0,69,0,6329,51,1,5830
18535.0,69,0,6329,51,1,5888
18545.0,70,0,6329,51,1,5946
18555.0,70,0,6329,51,1,6005
18565.0,70,0,6329,51,1,6063
18575.0,71,0,6329,51,1,6122
18585.0,71,0,6329,51,1,6182
18595.0,71,0,6329,51,1,6242
18605.0,72,0,6329,51,1,6302
18615.0,72,1,10586,51,1,6362
18625.0,72,0,10586,72,1,6422
18635.0,73,0,10586,72,1,6483
18645.0,73,0,10586,72,1,6544
18655.0,74,0,10586,72,1,6605
18665.0,74,0,10586,72,1,6667
18675.0,74,0,10586,72,1,6729
18685.0,75,0,10586,72,1,6791
18695.0,75,0,10586,72,1,6853
18705.0,75,0,10586,72,1,6915
18715.0,76,0,10586,72,1,6978
18725.0,76,0,10586,72,1,7041
18735.0,76,0,10586,72,1,7104
18745.0,77,0,10586,72,1,7168
18755.0,77,0,10586,72,1,7232
18765.0,78,0,10586,72,1,7296
18775.0,78,0,10586,72,1,7360
18785.0,78,0,10586,72,1,7424
18795.0,79,0,10586,72,1,7489
18805.0,79,0,10586,72,1,7554
18815.0,79,0,10586,72,1,7619
18825.0,80,0,10586,72,1,7685
18835.0,80,0,10586,72,1,7751
18845.0,81,0,10586,72,1,7817
18855.0,81,0,10586,72,1,7883
18865.0,81,0,10586,72,1,7949
18875.0,82,0,10586,72,1,8016
18885.0,82,0,10586,72,1,8083
18895.0,82,0,10586,72,1,8150
18905.0,83,0,10586,72,1,8218
18915.0,83,0,10586,72,1,8286
18925.0,83,0,10586,72,1,8354
18935.0,84,0,10586,72,1,8422
18945.0,84,0,10586,72,1,8490
18955.0,85,0,10586,72,1,8559
18965.0,85,0,10586,72,1,8628
18975.0,85,0,10586,72,1,8697
18985.0,86,0,10586,72,1,8767
18995.0,86,0,10586,72,1,8837
19005.0,86,0,10586,72,1,8907
19015.0,87,0,10586,72,1,8977
19025.0,87,0,10586,72,1,9047
19035.0,88,0,10586,72,1,9118
19045.0,88,0,10586,72,1,9189
19055.0,88,0,10586,72,1,9260
19065.0,89,0,10586,72,1,9332
19075.0,89,0,10586,72,1,9404
19085.0,90,0,10586,72,1,9476
19095.0,90,0,10586,72,1,9548
19105.0,90,0,10586,72,1,9620
19115.0,91,0,10586,72,1,9693
19125.0,91,0,10586,72,1,9766
19135.0,91,0,10586,72,1,9839
19145.0,92,0,10586,72,1,9913
19155.0,92,0,10586,72,1,9987
19165.0,93,0,10586,72,1,10061
19175.0,93,0,10586,72,1,10135
19185.0,93,0,10586,72,1,10209
19195.0,94,0,10586,72,1,10284
19205.0,94,0,10586,72,1,10359
19215.0,94,0,10586,72,1,10434
19225.0,95,0,10586,72,1,10510
19235.0,95,0,10586,72,1,10586
19245.0,96,0,10586,72,1,10662
19255.0,96,1,15737,72,1,10738
19265.0,96,0,15737,96,1,10814
19275.0,97,0,15737,96,1,10890
19285.0,97,0,15737,96,1,10967
19295.0,98,0,15737,96,1,11043
19305.0,98,0,15737,96,1,11120
19315.0,98,0,15737,96,1,11197
19325.0,99,0,15737,96,1,11274
19335.0,99,0,15737,96,1,11351
19345.0,100,0,15737,96,1,11428
19355.0,100,0,15737,96,1,11506
19365.0,100,0,15737,96,1,11583
19375.0,101,0,15737,96,1,11661
19385.0,101,0,15737,96,1,11739
19395.0,101,0,15737,96,1,11817
19405.0,102,0,15737,96,1,11895
19415.0,102,0,15737,96,1,11973
19425.0,103,0,15737,96,1,12051
19435.0,103,0,15737,96,1,12129
19445.0,103,0,15737,96,1,12208
19455.0,104,0,15737,96,1,12286
19465.0,104,0,15737,96,1,12365
19475.0,105,0,15737,96,1,12444
19485.0,105,0,15737,96,1,12523
19495.0,105,0,15737,96,1,12602
19505.0,106,0,15737,96,1,12681
19515.0,106,0,15737,96,1,12761
19525.0,107,0,15737,96,1,12840
19535.0,107,0,15737,96,1,12920
19545.0,107,0,15737,96,1,13000
19555.0,108,0,15737,96,1,13080
19565.0,108,0,15737,96,1,13160
19575.0,109,0,15737,96,1,13240
19585.0,109,0,15737,96,1,13320
19595.0,109,0,15737,96,1,13400
19605.0,110,0,15737,96,1,13481
19615.0,110,0,15737,96,1,13561
19625.0,111,0,15737,96,1,13642
19635.0,111,0,15737,96,1,13723
19645.0,111,0,15737,96,1,13804
19655.0,112,0,15737,96,1,13885
19665.0,112,0,15737,96,1,13966
19675.0,112,0,15737,96,1,14048
19685.0,113,0,15737,96,1,14129
19695.0,113,0,15737,96,1,14211
19705.0,114,0,15737,96,1,14293
19715.0,114,0,15737,96,1,14375
19725.0,114,0,15737,96,1,14457
19735.0,115,0,15737,96,1,14539
19745.0,115,0,15737,96,1,14621
19755.0,116,0,15737,96,1,14703
19765.0,116,0,15737,96,1,14786
19775.0,116,0,15737,96,1,14868
19785.0,117,0,15737,96,1,14951
19795.0,117,0,15737,96,1,15034
19805.0,118,0,15737,96,1,15117
19815.0,118,0,15737,96,1,15200
19825.0,118,0,15737,96,1,15283
19835.0,119,0,15737,96,1,15367
19845.0,119,0,15737,96,1,15450
19855.0,120,0,15737,96,1,15534
19865.0,120,0,15737,96,1,15618
19875.0,120,0,15737,96,1,15702
19885.0,121,0,15737,96,1,15786
19895.0,121,1,21570,96,1,15870
19905.0,122,0,21570,122,1,15954
19915.0,122,0,21570,122,1,16039
19925.0,122,0,21570,122,1,16123
19935.0,123,0,21570,122,1,16208
19945.0,123,0,21570,122,1,16293
19955.0,124,0,21570,122,1,16379
19965.0,124,0,21570,122,1,16464
19975.0,124,0,21570,122,1,16550
19985.0,125,0,21570,122,1,16636
19995.0,125,0,21570,122,1,16722
20005.0,126,0,21570,122,1,16808
20015.0,126,0,21570,122,1,16895
20025.0,126,0,21570,122,1,16981
20035.0,127,0,21570,122,1,17068
20045.0,127,0,21570,122,1,17155
20055.0,128,0,21570,122,1,17242
20065.0,128,0,21570,122,1,17330
20075.0,128,0,21570,122,1,17417
20085.0,129,0,21570,122,1,17505
20095.0,129,0,21570,122,1,17593
20105.0,130,0,21570,122,1,17681
20115.0,130,0,21570,122,1,17769
20125.0,130,0,21570,122,1,17858
20135.0,131,0,21570,122,1,17946
20145.0,131,0,21570,122,1,18035
20155.0,132,0,21570,122,1,18124
20165.0,132,0,21570,122,1,18214
20175.0,132,0,21570,122,1,18303
20185.0,133,0,21570,122,1,18393
20195.0,133,0,21570,122,1,18483
20205.0,134,0,21570,122,1,18573
20215.0,134,0,21570,122,1,18663
20225.0,134,0,21570,122,1,18753
20235.0,135,0,21570,122,1,18844
20245.0,135,0,21570,122,1,18934
20255.0,136,0,21570,122,1,19025
20265.0,136,0,21570,122,1,19116
20275.0,136,0,21570,122,1,19208
20285.0,137,0,21570,122,1,19299
20295.0,137,0,21570,122,1,19391
20305.0,138,0,21570,122,1,19483
20315.0,138,0,21570,122,1,19575
20325.0,138,0,21570,122,1,19667
20335.0,139,0,21570,122,1,19760
20345.0,139,0,21570,122,1,19852
20355.0,140,0,21570,122,1,19945
20365.0,140,0,21570,122,1,20038
20375.0,140,0,21570,122,1,20131
20385.0,141,0,21570,122,1,20225
20395.0,141,0,21570,122,1,20318
20405.0,142,0,21570,122,1,20412
20415.0,142,0,21570,122,1,20506
20425.0,142,0,21570,122,1,20600
20435.0,143,0,21570,122,1,20694
20445.0,143,0,21570,122,1,20789
20455.0,144,0,21570,122,1,20883
20465.0,144,0,21570,122,1,20978
20475.0,144,0,21570,122,1,21073
20485.0,145,0,21570,122,1,21169
20495.0,145,0,21570,122,1,21264
20505.0,145,0,21570,122,1,21360
20515.0,146,0,21570,122,1,21456
20525.0,146,0,21570,122,1,21552
20535.0,147,1,27857,122,1,21648
20545.0,147,0,27857,147,1,21744
20555.0,147,0,27857,147,1,21840
20565.0,148,0,27857,147,1,21937
20575.0,148,0,27857,147,1,22033
20585.0,149,0,27857,147,1,22130
20595.0,149,0,27857,147,1,22227
20605.0,149,0,27857,147,1,22324
20615.0,150,0,27857,147,1,22421
20625.0,150,0,27857,147,1,22518
20635.0,151,0,27857,147,1,22616
20645.0,151,0,27857,147,1,22713
20655.0,151,0,27857,147,1,22811
20665.0,152,0,27857,147,1,22909
20675.0,152,0,27857,147,1,23007
20685.0,153,0,27857,147,1,23105
20695.0,153,0,27857,147,1,23203
20705.0,153,0,27857,147,1,23301
20715.0,154,0,27857,147,1,23399
20725.0,154,0,27857,147,1,23498
20735.0,155,0,27857,147,1,23596
20745.0,155,0,27857,147,1,23695
20755.0,155,0,27857,147,1,23794
20765.0,156,0,27857,147,1,23893
20775.0,156,0,27857,147,1,23992
20785.0,156,0,27857,147,1,24091
20795.0,157,0,27857,147,1,24191
20805.0,157,0,27857,147,1,24290
20815.0,158,0,27857,147,1,24390
20825.0,158,0,27857,147,1,24490
20835.0,158,0,27857,147,1,24590
20845.0,159,0,27857,147,1,24690
20855.0,159,0,27857,147,1,24790
20865.0,160,0,27857,147,1,24890
20875.0,160,0,27857,147,1,24990
20885.0,160,0,27857,147,1,25091
20895.0,161,0,27857,147,1,25191
20905.0,161,0,27857,147,1,25292
20915.0,162,0,27857,147,1,25393
20925.0,162,0,27857,147,1,25494
20935.0,162,0,27857,147,1,25595
20945.0,163,0,27857,147,1,25696
20955.0,163,0,27857,147,1,25798
20965.0,163,0,27857,147,1,25899
20975.0,164,0,27857,147,1,26001
20985.0,164,0,27857,147,1,26103
20995.0,165,0,27857,147,1,26205
21005.0,165,0,27857,147,1,26307
21015.0,165,0,27857,147,1,26409
21025.0,166,0,27857,147,1,26511
21035.0,166,0,27857,147,1,26613
21045.0,166,0,27857,147,1,26716
21055.0,167,0,27857,147,1,26818
21065.0,167,0,27857,147,1,26921
21075.0,168,0,27857,147,1,27024
21085.0,168,0,27857,147,1,27127
21095.0,168,0,27857,147,1,27230
21105.0,169,0,27857,147,1,27333
21115.0,169,0,27857,147,1,27437
21125.0,170,0,27857,147,1,27540
21135.0,170,0,27857,147,1,27644
21145.0,170,0,27857,147,1,27748
21155.0,171,0,27857,147,1,27852
21165.0,171,0,27857,147,1,27956
21175.0,171,1,34343,147,1,28059
21185.0,172,0,34343,172,1,28163
21195.0,172,0,34343,172,1,28267
21205.0,173,0,34343,172,1,28371
21215.0,173,0,34343,172,1,28475
21225.0,173,0,34343,172,1,28578
21235.0,174,0,34343,172,1,28682
21245.0,174,0,34343,172,1,28785
21255.0,174,0,34343,172,1,28889
21265.0,175,0,34343,172,1,28992
21275.0,175,0,34343,172,1,29095
21285.0,175,0,34343,172,1,29199
21295.0,176,0,34343,172,1,29302
21305.0,176,0,34343,172,1,29405
21315.0,177,0,34343,172,1,29508
21325.0,177,0,34343,172,1,29611
21335.0,177,0,34343,172,1,29714
21345.0,178,0,34343,172,1,29817
21355.0,178,0,34343,172,1,29920
21365.0,178,0,34343,172,1,30022
21375.0,179,0,34343,172,1,30125
21385.0,179,0,34343,172,1,30228
21395.0,180,0,34343,172,1,30330
21405.0,180,0,34343,172,1,30433
21415.0,180,0,34343,172,1,30535
21425.0,181,0,34343,172,1,30638
21435.0,181,0,34343,172,1,30740
21445.0,181,0,34343,172,1,30842
21455.0,182,0,34343,172,1,30944
21465.0,182,0,34343,172,1,31046
21475.0,182,0,34343,172,1,31149
21485.0,183,0,34343,172,1,31251
21495.0,183,0,34343,172,1,31352
21505.0,184,0,34343,172,1,31454
21515.0,184,0,34343,172,1,31556
21525.0,184,0,34343,172,1,31658
21535.0,185,0,34343,172,1,31760
21545.0,185,0,34343,172,1,31861
21555.0,185,0,34343,172,1,31963
21565.0,186,0,34343,172,1,32064
21575.0,186,0,34343,172,1,32166
21585.0,186,0,34343,172,1,32267
21595.0,187,0,34343,172,1,32368
21605.0,187,0,34343,172,1,32470
21615.0,187,0,34343,172,1,32571
21625.0,188,0,34343,172,1,32672
21635.0,188,0,34343,172,1,32773
21645.0,188,0,34343,172,1,32874
21655.0,189,0,34343,172,1,32975
21665.0,189,0,34343,172,1,33076
21675.0,190,0,34343,172,1,33177
21685.0,190,0,34343,172,1,33277
21695.0,190,0,34343,172,1,33378
21705.0,191,0,34343,172,1,33479
21715.0,191,0,34343,172,1,33579
21725.0,191,0,34343,172,1,33680
21735.0,192,0,34343,172,1,33780
21745.0,192,0,34343,172,1,33881
21755.0,192,0,34343,172,1,33981
21765.0,193,0,34343,172,1,34081
21775.0,193,0,34343,172,1,34181
21785.0,193,0,34343,172,1,34281
21795.0,194,0,34343,172,1,34382
21805.0,194,0,34343,172,1,34482
21815.0,194,1,40763,172,1,34582
21825.0,195,0,40763,195,1,34682
21835.0,195,0,40763,195,1,34782
21845.0,195,0,40763,195,1,34882
21855.0,196,0,40763,195,1,34982
21865.0,196,0,40763,195,1,35082
21875.0,196,0,40763,195,1,35182
21885.0,197,0,40763,195,1,35282
21895.0,197,0,40763,195,1,35382
21905.0,197,0,40763,195,1,35482
21915.0,198,0,40763,195,1,35582
21925.0,198,0,40763,195,1,35682
21935.0,198,0,40763,195,1,35782
21945.0,199,0,40763,195,1,35882
21955.0,199,0,40763,195,1,35982
21965.0,199,0,40763,195,1,36082
21975.0,200,0,40763,195,1,36182
21985.0,200,0,40763,195,1,36282
21995.0,200,0,40763,195,1,36382
22005.0,201,0,40763,195,1,36482
22015.0,201,0,40763,195,1,36582
22025.0,201,0,40763,195,1,36682
22035.0,202,0,40763,195,1,36782
22045.0,202,0,40763,195,1,36882
22055.0,202,0,40763,195,1,36982
22065.0,203,0,40763,195,1,37082
22075.0,203,0,40763,195,1,37182
22085.0,203,0,40763,195,1,37282
22095.0,204,0,40763,195,1,37382
22105.0,204,0,40763,195,1,37482
22115.0,204,0,40763,195,1,37582
22125.0,205,0,40763,195,1,37682
22135.0,205,0,40763,195,1,37782
22145.0,205,0,40763,195,1,37882
22155.0,206,0,40763,195,1,37982
22165.0,206,0,40763,195,1,38082
22175.0,206,0,40763,195,1,38182
22185.0,206,0,40763,195,1,38282
22195.0,207,0,40763,195,1,38382
22205.0,207,0,40763,195,1,38482
22215.0,207,0,40763,195,1,38582
22225.0,208,0,40763,195,1,38682
22235.0,208,0,40763,195,1,38782
22245.0,208,0,40763,195,1,38882
22255.0,209,0,40763,195,1,38982
22265.0,209,0,40763,195,1,39082
22275.0,209,0,40763,195,1,39182
22285.0,210,0,40763,195,1,39282
22295.0,210,0,40763,195,1,39382
22305.0,210,0,40763,195,1,39482
22315.0,210,0,40763,195,1,39582
22325.0,211,0,40763,195,1,39682
22335.0,211,0,40763,195,1,39782
22345.0,211,0,40763,195,1,39882
22355.0,212,0,40763,195,1,39982
22365.0,212,0,40763,195,1,40082
22375.0,212,0,40763,195,1,40182
22385.0,213,0,40763,195,1,40282
22395.0,213,0,40763,195,1,40382
22405.0,213,0,40763,195,1,40482
22415.0,213,0,40763,195,1,40582
22425.0,214,0,40763,195,1,40682
22435.0,214,0,40763,195,1,40782
22445.0,214,0,40763,195,1,40882
22455.0,215,1,46862,195,1,40981
22465.0,215,0,46862,215,1,41081
22475.0,215,0,46862,215,1,41181
22485.0,216,0,46862,215,1,41280
22495.0,216,0,46862,215,1,41380
22505.0,216,0,46862,215,1,41479
22515.0,216,0,46862,215,1,41578
22525.0,217,0,46862,215,1,41677
22535.0,217,0,46862,215,1,41776
22545.0,217,0,46862,215,1,41875
22555.0,218,0,46862,215,1,41973
22565.0,218,0,46862,215,1,42072
22575.0,218,0,46862,215,1,42170
22585.0,218,0,46862,215,1,42268
22595.0,219,0,46862,215,1,42367
22605.0,219,0,46862,215,1,42465
22615.0,219,0,46862,215,1,42562
22625.0,219,0,46862,215,1,42660
22635.0,220,0,46862,215,1,42758
22645.0,220,0,46862,215,1,42855
22655.0,220,0,46862,215,1,42953
22665.0,221,0,46862,215,1,43050
22675.0,221,0,46862,215,1,43147
22685.0,221,0,46862,215,1,43244
22695.0,221,0,46862,215,1,43341
22705.0,222,0,46862,215,1,43438
22715.0,222,0,46862,215,1,43534
22725.0,222,0,46862,215,1,43631
22735.0,222,0,46862,215,1,43727
22745.0,223,0,46862,215,1,43823
22755.0,223,0,46862,215,1,43920
22765.0,223,0,46862,215,1,44016
22775.0,224,0,46862,215,1,44111
22785.0,224,0,46862,215,1,44207
22795.0,224,0,46862,215,1,44303
22805.0,224,0,46862,215,1,44398
22815.0,225,0,46862,215,1,44494
22825.0,225,0,46862,215,1,44589
22835.0,225,0,46862,215,1,44684
22845.0,225,0,46862,215,1,44779
22855.0,226,0,46862,215,1,44874
22865.0,226,0,46862,215,1,44969
22875.0,226,0,46862,215,1,45063
22885.0,226,0,46862,215,1,45158
22895.0,227,0,46862,215,1,45252
22905.0,227,0,46862,215,1,45346
22915.0,227,0,46862,215,1,45441
22925.0,227,0,46862,215,1,45535
22935.0,228,0,46862,215,1,45628
22945.0,228,0,46862,215,1,45722
22955.0,228,0,46862,215,1,45816
22965.0,228,0,46862,215,1,45909
22975.0,229,0,46862,215,1,46003
22985.0,229,0,46862,215,1,46096
22995.0,229,0,46862,215,1,46189
23005.0,229,0,46862,215,1,46282
23015.0,230,0,46862,215,1,46375
23025.0,230,0,46862,215,1,46468
23035.0,230,0,46862,215,1,46560
23045.0,230,0,46862,215,1,46653
23055.0,231,0,46862,215,1,46745
23065.0,231,0,46862,215,1,46837
23075.0,231,0,46862,215,1,46930
23085.0,231,0,46862,215,1,47022
23095.0,231,1,52392,215,1,47113
23105.0,232,0,52392,232,1,47205
23115.0,232,0,52392,232,1,47296
23125.0,232,0,52392,232,1,47388
23135.0,232,0,52392,232,1,47479
23145.0,233,0,52392,232,1,47570
23155.0,233,0,52392,232,1,47660
23165.0,233,0,52392,232,1,47751
23175.0,233,0,52392,232,1,47841
23185.0,233,0,52392,232,1,47931
23195.0,234,0,52392,232,1,48021
23205.0,234,0,52392,232,1,48111
23215.0,234,0,52392,232,1,48200
23225.0,234,0,52392,232,1,48290
23235.0,235,0,52392,232,1,48379
23245.0,235,0,52392,232,1,48468
23255.0,235,0,52392,232,1,48557
23265.0,235,0,52392,232,1,48645
23275.0,235,0,52392,232,1,48734
23285.0,236,0,52392,232,1,48822
23295.0,236,0,52392,232,1,48910
23305.0,236,0,52392,232,1,48998
23315.0,236,0,52392,232,1,49086
23325.0,236,0,52392,232,1,49173
23335.0,237,0,52392,232,1,49261
23345.0,237,0,52392,232,1,49348
23355.0,237,0,52392,232,1,49435
23365.0,237,0,52392,232,1,49521
23375.0,238,0,52392,232,1,49608
23385.0,238,0,52392,232,1,49694
23395.0,238,0,52392,232,1,49781
23405.0,238,0,52392,232,1,49867
23415.0,238,0,52392,232,1,49952
23425.0,239,0,52392,232,1,50038
23435.0,239,0,52392,232,1,50123
23445.0,239,0,52392,232,1,50209
23455.0,239,0,52392,232,1,50294
23465.0,239,0,52392,232,1,50379
23475.0,239,0,52392,232,1,50463
23485.0,240,0,52392,232,1,50548
23495.0,240,0,52392,232,1,50632
23505.0,240,0,52392,232,1,50716
23515.0,240,0,52392,232,1,50800
23525.0,240,0,52392,232,1,50884
23535.0,241,0,52392,232,1,50967
23545.0,241,0,52392,232,1,51051
23555.0,241,0,52392,232,1,51134
23565.0,241,0,52392,232,1,51217
23575.0,241,0,52392,232,1,51300
23585.0,242,0,52392,232,1,51382
23595.0,242,0,52392,232,1,51465
23605.0,242,0,52392,232,1,51547
23615.0,242,0,52392,232,1,51629
23625.0,242,0,52392,232,1,51711
23635.0,242,0,52392,232,1,51793
23645.0,243,0,52392,232,1,51874
23655.0,243,0,52392,232,1,51956
23665.0,243,0,52392,232,1,52037
23675.0,243,0,52392,232,1,52118
23685.0,243,0,52392,232,1,52198
23695.0,243,0,52392,232,1,52279
23705.0,244,0,52392,232,1,52359
23715.0,244,0,52392,232,1,52440
23725.0,244,0,52392,232,1,52520
23735.0,244,1,57135,232,1,52599
23745.0,244,0,57135,244,1,52679
23755.0,244,0,57135,244,1,52758
23765.0,245,0,57135,244,1,52838
23775.0,245,0,57135,244,1,52917
23785.0,245,0,57135,244,1,52996
23795.0,245,0,57135,244,1,53074
23805.0,245,0,57135,244,1,53153
23815.0,245,0,57135,244,1,53231
23825.0,245,0,57135,244,1,53309
23835.0,246,0,57135,244,1,53387
23845.0,246,0,57135,244,1,53465
23855.0,246,0,57135,244,1,53542
23865.0,246,0,57135,244,1,53620
23875.0,246,0,57135,244,1,53697
23885.0,246,0,57135,244,1,53774
23895.0,247,0,57135,244,1,53851
23905.0,247,0,57135,244,1,53927
23915.0,247,0,57135,244,1,54004
23925.0,247,0,57135,244,1,54080
23935.0,247,0,57135,244,1,54156
23945.0,247,0,57135,244,1,54232
23955.0,247,0,57135,244,1,54308
23965.0,247,0,57135,244,1,54383
23975.0,248,0,57135,244,1,54459
23985.0,248,0,57135,244,1,54534
23995.0,248,0,57135,244,1,54609
24005.0,248,0,57135,244,1,54683
24015.0,248,0,57135,244,1,54758
24025.0,248,0,57135,244,1,54832
24035.0,248,0,57135,244,1,54907
24045.0,249,0,57135,244,1,54981
24055.0,249,0,57135,244,1,55054
24065.0,249,0,57135,244,1,55128
24075.0,249,0,57135,244,1,55201
24085.0,249,0,57135,244,1,55275
24095.0,249,0,57135,244,1,55348
24105.0,249,0,57135,244,1,55421
24115.0,249,0,57135,244,1,55493
24125.0,250,0,57135,244,1,55566
24135.0,250,0,57135,244,1,55638
24145.0,250,0,57135,244,1,55710
24155.0,250,0,57135,244,1,55782
24165.0,250,0,57135,244,1,55854
24175.0,250,0,57135,244,1,55925
24185.0,250,0,57135,244,1,55997
24195.0,250,0,57135,244,1,56068
24205.0,250,0,57135,244,1,56139
24215.0,250,0,57135,244,1,56210
24225.0,251,0,57135,244,1,56280
24235.0,251,0,57135,244,1,56351
24245.0,251,0,57135,244,1,56421
24255.0,251,0,57135,244,1,56491
24265.0,251,0,57135,244,1,56561
24275.0,251,0,57135,244,1,56631
24285.0,251,0,57135,244,1,56700
24295.0,251,0,57135,244,1,56770
24305.0,251,0,57135,244,1,56839
24315.0,251,0,57135,244,1,56908
24325.0,252,0,57135,244,1,56976
24335.0,252,0,57135,244,1,57045
24345.0,252,0,57135,244,1,57113
24355.0,252,0,57135,244,1,57182
24365.0,252,0,57135,244,1,57250
24375.0,252,1,60892,244,1,57317
24385.0,252,0,60892,252,1,57385
24395.0,252,0,60892,252,1,57452
24405.0,252,0,60892,252,1,57518
24415.0,252,0,60892,252,1,57585
24425.0,252,0,60892,252,1,57651
24435.0,253,0,60892,252,1,57717
24445.0,253,0,60892,252,1,57782
24455.0,253,0,60892,252,1,57847
24465.0,253,0,60892,252,1,57912
24475.0,253,0,60892,252,1,57977
24485.0,253,0,60892,252,1,58041
24495.0,253,0,60892,252,1,58105
24505.0,253,0,60892,252,1,58169
24515.0,253,0,60892,252,1,58232
24525.0,253,0,60892,252,1,58295
24535.0,253,0,60892,252,1,58358
24545.0,253,0,60892,252,1,58420
24555.0,253,0,60892,252,1,58482
24565.0,253,0,60892,252,1,58544
24575.0,253,0,60892,252,1,58605
24585.0,254,0,60892,252,1,58666
24595.0,254,0,60892,252,1,58727
24605.0,254,0,60892,252,1,58788
24615.0,254,0,60892,252,1,58848
24625.0,254,0,60892,252,1,58908
24635.0,254,0,60892,252,1,58967
24645.0,254,0,60892,252,1,59027
24655.0,254,0,60892,252,1,59086
24665.0,254,0,60892,252,1,59144
24675.0,254,0,60892,252,1,59203
24685.0,254,0,60892,252,1,59261
24695.0,254,0,60892,252,1,59318
24705.0,254,0,60892,252,1,59376
24715.0,254,0,60892,252,1,59433
24725.0,254,0,60892,252,1,59489
24735.0,254,0,60892,252,1,59546
24745.0,254,0,60892,252,1,59602
24755.0,254,0,60892,252,1,59658
24765.0,254,0,60892,252,1,59713
24775.0,254,0,60892,252,1,59768
24785.0,255,0,60892,252,1,59823
24795.0,255,0,60892,252,1,59878
24805.0,255,0,60892,252,1,59932
24815.0,255,0,60892,252,1,59986
24825.0,255,0,60892,252,1,60040
24835.0,255,0,60892,252,1,60093
24845.0,255,0,60892,252,1,60146
24855.0,255,0,60892,252,1,60199
24865.0,255,0,60892,252,1,60251
24875.0,255,0,60892,252,1,60303
24885.0,255,0,60892,252,1,60355
24895.0,255,0,60892,252,1,60406
24905.0,255,0,60892,252,1,60457
24915.0,255,0,60892,252,1,60508
24925.0,255,0,60892,252,1,60559
24935.0,255,0,60892,252,1,60609
24945.0,255,0,60892,252,1,60659
24955.0,255,0,60892,252,1,60708
24965.0,255,0,60892,252,1,60758
24975.0,255,0,60892,252,1,60807
24985.0,255,0,60892,252,1,60855
24995.0,255,0,60892,252,1,60904
25005.0,255,0,60892,252,1,60952
25015.0,255,1,63516,252,1,60999
25025.0,255,0,63516,255,1,61047
25035.0,255,0,63516,255,1,61094
25045.0,255,0,63516,255,1,61141
25055.0,255,0,63516,255,1,61188
25065.0,255,0,63516,255,1,61234
25075.0,255,0,63516,255,1,61281
25085.0,255,0,63516,255,1,61327
25095.0,255,0,63516,255,1,61372
25105.0,255,0,63516,255,1,61418
25115.0,255,0,63516,255,1,61463
25125.0,255,0,63516,255,1,61508
25135.0,255,0,63516,255,1,61553
25145.0,255,0,63516,255,1,61597
25155.0,255,0,63516,255,1,61642
25165.0,255,0,63516,255,1,61686
25175.0,255,0,63516,255,1,61729
25185.0,255,0,63516,255,1,61773
25195.0,255,0,63516,255,1,61816
25205.0,255,0,63516,255,1,61859
25215.0,255,0,63516,255,1,61902
25225.0,255,0,63516,255,1,61944
25235.0,255,0,63516,255,1,61987
25245.0,255,0,63516,255,1,62029
25255.0,255,0,63516,255,1,62070
25265.0,255,0,63516,255,1,62112
25275.0,255,0,63516,255,1,62153
25285.0,255,0,63516,255,1,62194
25295.0,255,0,63516,255,1,62235
25305.0,255,0,63516,255,1,62275
25315.0,255,0,63516,255,1,62316
25325.0,255,0,63516,255,1,62356
25335.0,255,0,63516,255,1,62395
25345.0,255,0,63516,255,1,62435
25355.0,254,0,63516,255,1,62474
25365.0,254,0,63516,255,1,62513
25375.0,254,0,63516,255,1,62552
25385.0,254,0,63516,255,1,62590
25395.0,254,0,63516,255,1,62629
25405.0,254,0,63516,255,1,62667
25415.0,254,0,63516,255,1,62704
25425.0,254,0,63516,255,1,62742
25435.0,254,0,63516,255,1,62779
25445.0,254,0,63516,255,1,62816
25455.0,254,0,63516,255,1,62853
25465.0,254,0,63516,255,1,62889
25475.0,254,0,63516,255,1,62926
25485.0,254,0,63516,255,1,62962
25495.0,254,0,63516,255,1,62997
25505.0,254,0,63516,255,1,63033
25515.0,254,0,63516,255,1,63068
25525.0,254,0,63516,255,1,63103
25535.0,254,0,63516,255,1,63138
25545.0,254,0,63516,255,1,63172
25555.0,253,0,63516,255,1,63207
25565.0,253,0,63516,255,1,63241
25575.0,253,0,63516,255,1,63274
25585.0,253,0,63516,255,1,63308
25595.0,253,0,63516,255,1,63341
25605.0,253,0,63516,255,1,63374
25615.0,253,0,63516,255,1,63407
25625.0,253,0,63516,255,1,63439
25635.0,253,0,63516,255,1,63472
25645.0,253,0,63516,255,1,63504
25655.0,253,1,64911,255,1,63535
25665.0,253,0,64911,253,1,63567
25675.0,253,0,64911,253,1,63598
25685.0,253,0,64911,253,1,63628
25695.0,253,0,64911,253,1,63659
25705.0,252,0,64911,253,1,63689
25715.0,252,0,64911,253,1,63719
25725.0,252,0,64911,253,1,63748
25735.0,252,0,64911,253,1,63777
25745.0,252,0,64911,253,1,63806
25755.0,252,0,64911,253,1,63835
25765.0,252,0,64911,253,1,63863
25775.0,252,0,64911,253,1,63891
25785.0,252,0,64911,253,1,63919
25795.0,252,0,64911,253,1,63946
25805.0,252,0,64911,253,1,63973
25815.0,251,0,64911,253,1,64000
25825.0,251,0,64911,253,1,64026
25835.0,251,0,64911,253,1,64052
25845.0,251,0,64911,253,1,64078
25855.0,251,0,64911,253,1,64103
25865.0,251,0,64911,253,1,64128
25875.0,251,0,64911,253,1,64153
25885.0,251,0,64911,253,1,64178
25895.0,251,0,64911,253,1,64202
25905.0,251,0,64911,253,1,64226
25915.0,250,0,64911,253,1,64249
25925.0,250,0,64911,253,1,64273
25935.0,250,0,64911,253,1,64296
25945.0,250,0,64911,253,1,64318
25955.0,250,0,64911,253,1,64341
25965.0,250,0,64911,253,1,64363
25975.0,250,0,64911,253,1,64384
25985.0,250,0,64911,253,1,64406
25995.0,250,0,64911,253,1,64427
26005.0,250,0,64911,253,1,64447
26015.0,249,0,64911,253,1,64468
26025.0,249,0,64911,253,1,64488
26035.0,249,0,64911,253,1,64508
26045.0,249,0,64911,253,1,64527
26055.0,249,0,64911,253,1,64546
26065.0,249,0,64911,253,1,64565
26075.0,249,0,64911,253,1,64584
26085.0,249,0,64911,253,1,64602
26095.0,248,0,64911,253,1,64620
26105.0,248,0,64911,253,1,64638
26115.0,248,0,64911,253,1,64655
26125.0,248,0,64911,253,1,64672
26135.0,248,0,64911,253,1,64689
26145.0,248,0,64911,253,1,64705
26155.0,248,0,64911,253,1,64721
26165.0,247,0,64911,253,1,64737
26175.0,247,0,64911,253,1,64752
26185.0,247,0,64911,253,1,64767
26195.0,247,0,64911,253,1,64782
26205.0,247,0,64911,253,1,64797
26215.0,247,0,64911,253,1,64811
26225.0,247,0,64911,253,1,64825
26235.0,247,0,64911,253,1,64838
26245.0,246,0,64911,253,1,64852
26255.0,246,0,64911,253,1,64865
26265.0,246,0,64911,253,1,64877
26275.0,246,0,64911,253,1,64890
26285.0,246,0,64911,253,1,64902
26295.0,246,1,65005,253,1,64913
26305.0,245,0,65005,245,1,64925
26315.0,245,0,65005,245,1,64936
26325.0,245,0,65005,245,1,64946
26335.0,245,0,65005,245,1,64957
26345.0,245,0,65005,245,1,64967
26355.0,245,0,65005,245,1,64977
26365.0,245,0,65005,245,1,64986
26375.0,244,0,65005,245,1,64995
26385.0,244,0,65005,245,1,65004
26395.0,244,0,65005,245,1,65013
26405.0,244,0,65005,245,1,65021
26415.0,244,0,65005,245,1,65029
26425.0,244,0,65005,245,1,65037
26435.0,243,0,65005,245,1,65044
26445.0,243,0,65005,245,1,65051
26455.0,243,0,65005,245,1,65058
26465.0,243,0,65005,245,1,65064
26475.0,243,0,65005,245,1,65070
26485.0,243,0,65005,245,1,65076
26495.0,242,0,65005,245,1,65081
26505.0,242,0,65005,245,1,65086
26515.0,242,0,65005,245,1,65091
26525.0,242,0,65005,245,1,65096
26535.0,242,0,65005,245,1,65100
26545.0,242,0,65005,245,1,65104
26555.0,241,0,65005,245,1,65107
26565.0,241,0,65005,245,1,65111
26575.0,241,0,65005,245,1,65114
26585.0,241,0,65005,245,1,65116
26595.0,241,0,65005,245,1,65119
26605.0,240,0,65005,245,1,65121
26615.0,240,0,65005,245,1,65122
26625.0,240,0,65005,245,1,65124
26635.0,240,0,65005,245,1,65125
26645.0,240,0,65005,245,1,65125
26655.0,239,0,65005,245,1,65126
26665.0,239,0,65005,245,1,65126
26675.0,239,0,65005,245,1,65126
26685.0,239,0,65005,245,1,65125
26695.0,239,0,65005,245,1,65124
26705.0,239,0,65005,245,1,65123
26715.0,238,0,65005,245,1,65122
26725.0,238,0,65005,245,1,65120
26735.0,238,0,65005,245,1,65118
26745.0,238,0,65005,245,1,65116
26755.0,238,0,65005,245,1,65113
26765.0,237,0,65005,245,1,65110
26775.0,237,0,65005,245,1,65107
26785.0,237,0,65005,245,1,65103
26795.0,237,0,65005,245,1,65099
26805.0,236,0,65005,245,1,65095
26815.0,236,0,65005,245,1,65090
26825.0,236,0,65005,245,1,65085
26835.0,236,0,65005,245,1,65080
26845.0,236,0,65005,245,1,65075
26855.0,235,0,65005,245,1,65069
26865.0,235,0,65005,245,1,65063
26875.0,235,0,65005,245,1,65056
26885.0,235,0,65005,245,1,65050
26895.0,235,0,65005,245,1,65043
26905.0,234,0,65005,245,1,65035
26915.0,234,0,65005,245,1,65028
26925.0,234,0,65005,245,1,65020
26935.0,234,1,63788,245,1,65011
26945.0,233,0,63788,233,1,65002
26955.0,233,0,63788,233,1,64993
26965.0,233,0,63788,233,1,64984
26975.0,233,0,63788,233,1,64974
26985.0,233,0,63788,233,1,64964
26995.0,232,0,63788,233,1,64953
27005.0,232,0,63788,233,1,64942
27015.0,232,0,63788,233,1,64931
27025.0,232,0,63788,233,1,64919
27035.0,231,0,63788,233,1,64907
27045.0,231,0,63788,233,1,64894
27055.0,231,0,63788,233,1,64881
27065.0,231,0,63788,233,1,64868
27075.0,231,0,63788,233,1,64855
27085.0,230,0,63788,233,1,64841
27095.0,230,0,63788,233,1,64826
27105.0,230,0,63788,233,1,64811
27115.0,230,0,63788,233,1,64796
27125.0,229,0,63788,233,1,64781
27135.0,229,0,63788,233,1,64765
27145.0,229,0,63788,233,1,64749
27155.0,229,0,63788,233,1,64732
27165.0,228,0,63788,233,1,64715
27175.0,228,0,63788,233,1,64698
27185.0,228,0,63788,233,1,64680
27195.0,228,0,63788,233,1,64662
27205.0,227,0,63788,233,1,64643
27215.0,227,0,63788,233,1,64624
27225.0,227,0,63788,233,1,64605
27235.0,227,0,63788,233,1,64586
27245.0,226,0,63788,233,1,64566
27255.0,226,0,63788,233,1,64545
27265.0,226,0,63788,233,1,64524
27275.0,226,0,63788,233,1,64503
27285.0,225,0,63788,233,1,64482
27295.0,225,0,63788,233,1,64460
27305.0,225,0,63788,233,1,64438
27315.0,225,0,63788,233,1,64415
27325.0,224,0,63788,233,1,64392
27335.0,224,0,63788,233,1,64369
27345.0,224,0,63788,233,1,64345
27355.0,224,0,63788,233,1,64321
27365.0,223,0,63788,233,1,64296
27375.0,223,0,63788,233,1,64271
27385.0,223,0,63788,233,1,64246
27395.0,222,0,63788,233,1,64221
27405.0,222,0,63788,233,1,64195
27415.0,222,0,63788,233,1,64168
27425.0,222,0,63788,233,1,64141
27435.0,221,0,63788,233,1,64114
27445.0,221,0,63788,233,1,64087
27455.0,221,0,63788,233,1,64059
27465.0,221,0,63788,233,1,64031
27475.0,220,0,63788,233,1,64002
27485.0,220,0,63788,233,1,63973
27495.0,220,0,63788,233,1,63944
27505.0,219,0,63788,233,1,63914
27515.0,219,0,63788,233,1,63884
27525.0,219,0,63788,233,1,63853
27535.0,219,0,63788,233,1,63822
27545.0,218,0,63788,233,1,63791
27555.0,218,0,63788,233,1,63760
27565.0,218,0,63788,233,1,63728
27575.0,218,1,61333,233,1,63695
27585.0,217,0,61333,217,1,63663
27595.0,217,0,61333,217,1,63630
27605.0,217,0,61333,217,1,63597
27615.0,216,0,61333,217,1,63564
27625.0,216,0,61333,217,1,63530
27635.0,216,0,61333,217,1,63497
27645.0,216,0,61333,217,1,63463
27655.0,215,0,61333,217,1,63428
27665.0,215,0,61333,217,1,63394
27675.0,215,0,61333,217,1,63359
27685.0,214,0,61333,217,1,63324
27695.0,214,0,61333,217,1,63289
27705.0,214,0,61333,217,1,63253
27715.0,213,0,61333,217,1,63218
27725.0,213,0,61333,217,1,63182
27735.0,213,0,61333,217,1,63145
27745.0,213,0,61333,217,1,63109
27755.0,212,0,61333,217,1,63072
27765.0,212,0,61333,217,1,63035
27775.0,212,0,61333,217,1,62998
27785.0,211,0,61333,217,1,62960
27795.0,211,0,61333,217,1,62923
27805.0,211,0,61333,217,1,62885
27815.0,210,0,61333,217,1,62846
27825.0,210,0,61333,217,1,62808
27835.0,210,0,61333,217,1,62769
27845.0,210,0,61333,217,1,62730
27855.0,209,0,61333,217,1,62691
27865.0,209,0,61333,217,1,62651
27875.0,209,0,61333,217,1,62612
27885.0,208,0,61333,217,1,62572
27895.0,208,0,61333,217,1,62531
27905.0,208,0,61333,217,1,62491
27915.0,207,0,61333,217,1,62450
27925.0,207,0,61333,217,1,62409
27935.0,207,0,61333,217,1,62368
27945.0,206,0,61333,217,1,62326
27955.0,206,0,61333,217,1,62285
27965.0,206,0,61333,217,1,62243
27975.0,206,0,61333,217,1,62200
27985.0,205,0,61333,217,1,62158
27995.0,205,0,61333,217,1,62115
28005.0,205,0,61333,217,1,62072
28015.0,204,0,61333,217,1,62029
28025.0,204,0,61333,217,1,61985
28035.0,204,0,61333,217,1,61942
28045.0,203,0,61333,217,1,61898
28055.0,203,0,61333,217,1,61853
28065.0,203,0,61333,217,1,61809
28075.0,202,0,61333,217,1,61764
28085.0,202,0,61333,217,1,61719
28095.0,202,0,61333,217,1,61674
28105.0,201,0,61333,217,1,61628
28115.0,201,0,61333,217,1,61583
28125.0,201,0,61333,217,1,61537
28135.0,200,0,61333,217,1,61490
28145.0,200,0,61333,217,1,61444
28155.0,200,0,61333,217,1,61397
28165.0,199,0,61333,217,1,61350
28175.0,199,0,61333,217,1,61303
28185.0,199,0,61333,217,1,61255
28195.0,198,0,61333,217,1,61208
28205.0,198,0,61333,217,1,61160
28215.0,198,1,57727,217,1,61111
28225.0,197,0,57727,197,1,61063
28235.0,197,0,57727,197,1,61014
28245.0,197,0,57727,197,1,60965
28255.0,196,0,57727,197,1,60916
28265.0,196,0,57727,197,1,60866
28275.0,196,0,57727,197,1,60817
28285.0,195,0,57727,197,1,60767
28295.0,195,0,57727,197,1,60716
28305.0,195,0,57727,197,1,60666
28315.0,194,0,57727,197,1,60615
28325.0,194,0,57727,197,1,60564
28335.0,194,0,57727,197,1,60513
28345.0,193,0,57727,197,1,60461
28355.0,193,0,57727,197,1,60410
28365.0,193,0,57727,197,1,60358
28375.0,192,0,57727,197,1,60305
28385.0,192,0,57727,197,1,60253
28395.0,192,0,57727,197,1,60200
28405.0,191,0,57727,197,1,60147
28415.0,191,0,57727,197,1,60094
28425.0,191,0,57727,197,1,60040
28435.0,190,0,57727,197,1,59987
28445.0,190,0,57727,197,1,59933
28455.0,190,0,57727,197,1,59878
28465.0,189,0,57727,197,1,59824
28475.0,189,0,57727,197,1,59769
28485.0,188,0,57727,197,1,59714
28495.0,188,0,57727,197,1,59659
28505.0,188,0,57727,197,1,59603
28515.0,187,0,57727,197,1,59548
28525.0,187,0,57727,197,1,59492
28535.0,187,0,57727,197,1,59435
28545.0,186,0,57727,197,1,59379
28555.0,186,0,57727,197,1,59322
28565.0,186,0,57727,197,1,59265
28575.0,185,0,57727,197,1,59208
28585.0,185,0,57727,197,1,59150
28595.0,185,0,57727,197,1,59093
28605.0,184,0,57727,197,1,59035
28615.0,184,0,57727,197,1,58976
28625.0,184,0,57727,197,1,58918
28635.0,183,0,57727,197,1,58859
28645.0,183,0,57727,197,1,58800
28655.0,182,0,57727,197,1,58741
28665.0,182,0,57727,197,1,58681
28675.0,182,0,57727,197,1,58622
28685.0,181,0,57727,197,1,58562
28695.0,181,0,57727,197,1,58501
28705.0,181,0,57727,197,1,58441
28715.0,180,0,57727,197,1,58380
28725.0,180,0,57727,197,1,58319
28735.0,180,0,57727,197,1,58258
28745.0,179,0,57727,197,1,58196
28755.0,179,0,57727,197,1,58135
28765.0,178,0,57727,197,1,58073
28775.0,178,0,57727,197,1,58010
28785.0,178,0,57727,197,1,57948
28795.0,177,0,57727,197,1,57885
28805.0,177,0,57727,197,1,57822
28815.0,177,0,57727,197,1,57759
28825.0,176,0,57727,197,1,57695
28835.0,176,0,57727,197,1,57632
28845.0,175,0,57727,197,1,57568
28855.0,175,1,53111,197,1,57503
28865.0,175,0,53111,175,1,57439
28875.0,174,0,53111,175,1,57374
28885.0,174,0,53111,175,1,57309
28895.0,174,0,53111,175,1,57244
28905.0,173,0,53111,175,1,57178
28915.0,173,0,53111,175,1,57113
28925.0,173,0,53111,175,1,57047
28935.0,172,0,53111,175,1,56980
28945.0,172,0,53111,175,1,56914
28955.0,171,0,53111,175,1,56847
28965.0,171,0,53111,175,1,56780
28975.0,171,0,53111,175,1,56713
28985.0,170,0,53111,175,1,56645
28995.0,170,0,53111,175,1,56578
29005.0,170,0,53111,175,1,56510
29015.0,169,0,53111,175,1,56441
29025.0,169,0,53111,175,1,56373
29035.0,168,0,53111,175,1,56304
29045.0,168,0,53111,175,1,56235
29055.0,168,0,53111,175,1,56166
29065.0,167,0,53111,175,1,56096
29075.0,167,0,53111,175,1,56027
29085.0,166,0,53111,175,1,55957
29095.0,166,0,53111,175,1,55886
29105.0,166,0,53111,175,1,55816
29115.0,165,0,53111,175,1,55745
29125.0,165,0,53111,175,1,55674
29135.0,165,0,53111,175,1,55603
29145.0,164,0,53111,175,1,55531
29155.0,164,0,53111,175,1,55460
29165.0,163,0,53111,175,1,55388
29175.0,163,0,53111,175,1,55315
29185.0,163,0,53111,175,1,55243
29195.0,162,0,53111,175,1,55170
29205.0,162,0,53111,175,1,55097
29215.0,162,0,53111,175,1,55024
29225.0,161,0,53111,175,1,54950
29235.0,161,0,53111,175,1,54877
29245.0,160,0,53111,175,1,54803
29255.0,160,0,53111,175,1,54728
29265.0,160,0,53111,175,1,54654
29275.0,159,0,53111,175,1,54579
29285.0,159,0,53111,175,1,54504
29295.0,158,0,53111,175,1,54429
29305.0,158,0,53111,175,1,54353
29315.0,158,0,53111,175,1,54278
29325.0,157,0,53111,175,1,54202
29335.0,157,0,53111,175,1,54125
29345.0,156,0,53111,175,1,54049
29355.0,156,0,53111,175,1,53972
29365.0,156,0,53111,175,1,53895
29375.0,155,0,53111,175,1,53818
29385.0,155,0,53111,175,1,53740
29395.0,155,0,53111,175,1,53663
29405.0,154,0,53111,175,1,53585
29415.0,154,0,53111,175,1,53506
29425.0,153,0,53111,175,1,53428
29435.0,153,0,53111,175,1,53349
29445.0,153,0,53111,175,1,53270
29455.0,152,0,53111,175,1,53191
29465.0,152,0,53111,175,1,53111
29475.0,151,0,53111,175,1,53032
29485.0,151,0,53111,175,1,52952
29495.0,151,1,47679,175,1,52871
29505.0,150,0,47679,150,1,52791
29515.0,150,0,47679,150,1,52711
29525.0,149,0,47679,150,1,52630
29535.0,149,0,47679,150,1,52550
29545.0,149,0,47679,150,1,52469
29555.0,148,0,47679,150,1,52388
29565.0,148,0,47679,150,1,52307
29575.0,147,0,47679,150,1,52226
29585.0,147,0,47679,150,1,52145
29595.0,147,0,47679,150,1,52063
29605.0,146,0,47679,150,1,51982
29615.0,146,0,47679,150,1,51900
29625.0,145,0,47679,150,1,51818
29635.0,145,0,47679,150,1,51737
29645.0,145,0,47679,150,1,51655
29655.0,144,0,47679,150,1,51572
29665.0,144,0,47679,150,1,51490
29675.0,144,0,47679,150,1,51408
29685.0,143,0,47679,150,1,51325
29695.0,143,0,47679,150,1,51243
29705.0,142,0,47679,150,1,51160
29715.0,142,0,47679,150,1,51077
29725.0,142,0,47679,150,1,50994
29735.0,141,0,47679,150,1,50911
29745.0,141,0,47679,150,1,50828
29755.0,140,0,47679,150,1,50744
29765.0,140,0,47679,150,1,50661
29775.0,140,0,47679,150,1,50577
29785.0,139,0,47679,150,1,50493
29795.0,139,0,47679,150,1,50410
29805.0,138,0,47679,150,1,50326
29815.0,138,0,47679,150,1,50241
29825.0,138,0,47679,150,1,50157
29835.0,137,0,47679,150,1,50073
29845.0,137,0,47679,150,1,49988
29855.0,136,0,47679,150,1,49904
29865.0,136,0,47679,150,1,49819
29875.0,136,0,47679,150,1,49734
29885.0,135,0,47679,150,1,49649
29895.0,135,0,47679,150,1,49564
29905.0,134,0,47679,150,1,49479
29915.0,134,0,47679,150,1,49393
29925.0,134,0,47679,150,1,49308
29935.0,133,0,47679,150,1,49222
29945.0,133,0,47679,150,1,49136
29955.0,132,0,47679,150,1,49051
29965.0,132,0,47679,150,1,48965
29975.0,132,0,47679,150,1,48878
29985.0,131,0,47679,150,1,48792
29995.0,131,0,47679,150,1,48706
30005.0,130,0,47679,150,1,48619
30015.0,130,0,47679,150,1,48533
30025.0,130,0,47679,150,1,48446
30035.0,129,0,47679,150,1,48359
30045.0,129,0,47679,150,1,48272
30055.0,128,0,47679,150,1,48185
30065.0,128,0,47679,150,1,48098
30075.0,128,0,47679,150,1,48010
30085.0,127,0,47679,150,1,47923
30095.0,127,0,47679,150,1,47835
30105.0,126,0,47679,150,1,47747
30115.0,126,0,47679,150,1,47660
30125.0,126,0,47679,150,1,47572
30135.0,125,1,41646,150,1,47483
30145.0,125,0,41646,125,1,47395
30155.0,124,0,41646,125,1,47306
30165.0,124,0,41646,125,1,47218
30175.0,124,0,41646,125,1,47129
30185.0,123,0,41646,125,1,47040
30195.0,123,0,41646,125,1,46950
30205.0,122,0,41646,125,1,46861
30215.0,122,0,41646,125,1,46771
30225.0,122,0,41646,125,1,46681
30235.0,121,0,41646,125,1,46591
30245.0,121,0,41646,125,1,46501
30255.0,120,0,41646,125,1,46410
30265.0,120,0,41646,125,1,46320
30275.0,120,0,41646,125,1,46229
30285.0,119,0,41646,125,1,46138
30295.0,119,0,41646,125,1,46047
30305.0,118,0,41646,125,1,45955
30315.0,118,0,41646,125,1,45864
30325.0,118,0,41646,125,1,45772
30335.0,117,0,41646,125,1,45680
30345.0,117,0,41646,125,1,45588
30355.0,116,0,41646,125,1,45496
30365.0,116,0,41646,125,1,45403
30375.0,116,0,41646,125,1,45311
30385.0,115,0,41646,125,1,45218
30395.0,115,0,41646,125,1,45125
30405.0,114,0,41646,125,1,45031
30415.0,114,0,41646,125,1,44938
30425.0,114,0,41646,125,1,44844
30435.0,113,0,41646,125,1,44751
30445.0,113,0,41646,125,1,44657
30455.0,112,0,41646,125,1,44562
30465.0,112,0,41646,125,1,44468
30475.0,112,0,41646,125,1,44373
30485.0,111,0,41646,125,1,44279
30495.0,111,0,41646,125,1,44184
30505.0,111,0,41646,125,1,44089
30515.0,110,0,41646,125,1,43993
30525.0,110,0,41646,125,1,43898
30535.0,109,0,41646,125,1,43802
30545.0,109,0,41646,125,1,43706
30555.0,109,0,41646,125,1,43610
30565.0,108,0,41646,125,1,43514
30575.0,108,0,41646,125,1,43417
30585.0,107,0,41646,125,1,43321
30595.0,107,0,41646,125,1,43224
30605.0,107,0,41646,125,1,43127
30615.0,106,0,41646,125,1,43030
30625.0,106,0,41646,125,1,42932
30635.0,105,0,41646,125,1,42835
30645.0,105,0,41646,125,1,42737
30655.0,105,0,41646,125,1,42639
30665.0,104,0,41646,125,1,42541
30675.0,104,0,41646,125,1,42443
30685.0,103,0,41646,125,1,42344
30695.0,103,0,41646,125,1,42246
30705.0,103,0,41646,125,1,42147
30715.0,102,0,41646,125,1,42048
30725.0,102,0,41646,125,1,41948
30735.0,101,0,41646,125,1,41849
30745.0,101,0,41646,125,1,41749
30755.0,101,0,41646,125,1,41650
30765.0,100,0,41646,125,1,41550
30775.0,100,1,35255,125,1,41450
30785.0,100,0,35255,100,1,41350
30795.0,99,0,35255,100,1,41250
30805.0,99,0,35255,100,1,41150
30815.0,98,0,35255,100,1,41050
30825.0,98,0,35255,100,1,40950
30835.0,98,0,35255,100,1,40850
30845.0,97,0,35255,100,1,40750
30855.0,97,0,35255,100,1,40650
30865.0,96,0,35255,100,1,40550
30875.0,96,0,35255,100,1,40450
30885.0,96,0,35255,100,1,40350
30895.0,95,0,35255,100,1,40250
30905.0,95,0,35255,100,1,40150
30915.0,94,0,35255,100,1,40050
30925.0,94,0,35255,100,1,39950
30935.0,94,0,35255,100,1,39850
30945.0,93,0,35255,100,1,39750
30955.0,93,0,35255,100,1,39650
30965.0,93,0,35255,100,1,39550
30975.0,92,0,35255,100,1,39450
30985.0,92,0,35255,100,1,39350
30995.0,91,0,35255,100,1,39250
31005.0,91,0,35255,100,1,39150
31015.0,91,0,35255,100,1,39050
31025.0,90,0,35255,100,1,38950
31035.0,90,0,35255,100,1,38850
31045.0,90,0,35255,100,1,38750
31055.0,89,0,35255,100,1,38650
31065.0,89,0,35255,100,1,38550
31075.0,88,0,35255,100,1,38450
31085.0,88,0,35255,100,1,38350
31095.0,88,0,35255,100,1,38250
31105.0,87,0,35255,100,1,38150
31115.0,87,0,35255,100,1,38050
31125.0,86,0,35255,100,1,37950
31135.0,86,0,35255,100,1,37850
31145.0,86,0,35255,100,1,37750
31155.0,85,0,35255,100,1,37650
31165.0,85,0,35255,100,1,37550
31175.0,85,0,35255,100,1,37450
31185.0,84,0,35255,100,1,37350
31195.0,84,0,35255,100,1,37250
31205.0,83,0,35255,100,1,37150
31215.0,83,0,35255,100,1,37050
31225.0,83,0,35255,100,1,36950
31235.0,82,0,35255,100,1,36850
31245.0,82,0,35255,100,1,36750
31255.0,82,0,35255,100,1,36650
31265.0,81,0,35255,100,1,36550
31275.0,81,0,35255,100,1,36450
31285.0,81,0,35255,100,1,36350
31295.0,80,0,35255,100,1,36250
31305.0,80,0,35255,100,1,36150
31315.0,79,0,35255,100,1,36050
31325.0,79,0,35255,100,1,35950
31335.0,79,0,35255,100,1,35850
31345.0,78,0,35255,100,1,35750
31355.0,78,0,35255,100,1,35650
31365.0,78,0,35255,100,1,35550
31375.0,77,0,35255,100,1,35450
31385.0,77,0,35255,100,1,35350
31395.0,76,0,35255,100,1,35250
31405.0,76,0,35255,100,1,35150
31415.0,76,1,28763,100,1,35050
31425.0,75,0,28763,75,1,34950
31435.0,75,0,28763,75,1,34850
31445.0,75,0,28763,75,1,34750
31455.0,74,0,28763,75,1,34650
31465.0,74,0,28763,75,1,34550
31475.0,74,0,28763,75,1,34450
31485.0,73,0,28763,75,1,34350
31495.0,73,0,28763,75,1,34250
31505.0,72,0,28763,75,1,34150
31515.0,72,0,28763,75,1,34050
31525.0,72,0,28763,75,1,33950
31535.0,71,0,28763,75,1,33850
31545.0,71,0,28763,75,1,33750
31555.0,71,0,28763,75,1,33650
31565.0,70,0,28763,75,1,33550
31575.0,70,0,28763,75,1,33450
31585.0,70,0,28763,75,1,33350
31595.0,69,0,28763,75,1,33250
31605.0,69,0,28763,75,1,33150
31615.0,69,0,28763,75,1,33050
31625.0,68,0,28763,75,1,32950
31635.0,68,0,28763,75,1,32850
31645.0,68,0,28763,75,1,32750
31655.0,67,0,28763,75,1,32650
31665.0,67,0,28763,75,1,32550
31675.0,66,0,28763,75,1,32450
31685.0,66,0,28763,75,1,32350
31695.0,66,0,28763,75,1,32250
31705.0,65,0,28763,75,1,32150
31715.0,65,0,28763,75,1,32050
31725.0,65,0,28763,75,1,31950
31735.0,64,0,28763,75,1,31850
31745.0,64,0,28763,75,1,31750
31755.0,64,0,28763,75,1,31650
31765.0,63,0,28763,75,1,31550
31775.0,63,0,28763,75,1,31450
31785.0,63,0,28763,75,1,31350
31795.0,62,0,28763,75,1,31250
31805.0,62,0,28763,75,1,31150
31815.0,62,0,28763,75,1,31050
31825.0,61,0,28763,75,1,30950
31835.0,61,0,28763,75,1,30850
31845.0,61,0,28763,75,1,30750
31855.0,60,0,28763,75,1,30650
31865.0,60,0,28763,75,1,30550
31875.0,60,0,28763,75,1,30450
31885.0,59,0,28763,75,1,30350
31895.0,59,0,28763,75,1,30250
31905.0,59,0,28763,75,1,30150
31915.0,58,0,28763,75,1,30050
31925.0,58,0,28763,75,1,29950
31935.0,58,0,28763,75,1,29850
31945.0,57,0,28763,75,1,29750
31955.0,57,0,28763,75,1,29650
31965.0,57,0,28763,75,1,29550
31975.0,56,0,28763,75,1,29450
31985.0,56,0,28763,75,1,29350
31995.0,56,0,28763,75,1,29250
32005.0,55,0,28763,75,1,29150
32015.0,55,0,28763,75,1,29050
32025.0,55,0,28763,75,1,28950
32035.0,54,0,28763,75,1,28850
32045.0,54,0,28763,75,1,28750
32055.0,54,1,22433,75,1,28650
32065.0,53,0,22433,53,1,28550
32075.0,53,0,22433,53,1,28450
32085.0,53,0,22433,53,1,28350
32095.0,52,0,22433,53,1,28250
32105.0,52,0,22433,53,1,28150
32115.0,52,0,22433,53,1,28050
32125.0,51,0,22433,53,1,27950
32135.0,51,0,22433,53,1,27850
32145.0,51,0,22433,53,1,27750
32155.0,50,0,22433,53,1,27650
32165.0,50,0,22433,53,1,27550
32175.0,50,0,22433,53,1,27450
32185.0,50,0,22433,53,1,27350
32195.0,49,0,22433,53,1,27250
32205.0,49,0,22433,53,1,27150
32215.0,49,0,22433,53,1,27050
32225.0,48,0,22433,53,1,26950
32235.0,48,0,22433,53,1,26850
32245.0,48,0,22433,53,1,26750
32255.0,47,0,22433,53,1,26650
32265.0,47,0,22433,53,1,26550
32275.0,47,0,22433,53,1,26450
32285.0,46,0,22433,53,1,26350
32295.0,46,0,22433,53,1,26250
32305.0,46,0,22433,53,1,26150
32315.0,46,0,22433,53,1,26050
32325.0,45,0,22433,53,1,25950
32335.0,45,0,22433,53,1,25850
32345.0,45,0,22433,53,1,25750
32355.0,44,0,22433,53,1,25650
32365.0,44,0,22433,53,1,25550
32375.0,44,0,22433,53,1,25450
32385.0,43,0,22433,53,1,25350
32395.0,43,0,22433,53,1,25250
32405.0,43,0,22433,53,1,25150
32415.0,43,0,22433,53,1,25050
32425.0,42,0,22433,53,1,24950
32435.0,42,0,22433,53,1,24850
32445.0,42,0,22433,53,1,24750
32455.0,41,0,22433,53,1,24650
32465.0,41,0,22433,53,1,24550
32475.0,41,0,22433,53,1,24450
32485.0,40,0,22433,53,1,24350
32495.0,40,0,22433,53,1,24250
32505.0,40,0,22433,53,1,24150
32515.0,40,0,22433,53,1,24050
32525.0,39,0,22433,53,1,23950
32535.0,39,0,22433,53,1,23850
32545.0,39,0,22433,53,1,23750
32555.0,38,0,22433,53,1,23650
32565.0,38,0,22433,53,1,23550
32575.0,38,0,22433,53,1,23450
32585.0,38,0,22433,53,1,23350
32595.0,37,0,22433,53,1,23250
32605.0,37,0,22433,53,1,23150
32615.0,37,0,22433,53,1,23050
32625.0,37,0,22433,53,1,22950
32635.0,36,0,22433,53,1,22850
32645.0,36,0,22433,53,1,22750
32655.0,36,0,22433,53,1,22650
32665.0,35,0,22433,53,1,22550
32675.0,35,0,22433,53,1,22450
32685.0,35,0,22433,53,1,22350
32695.0,35,1,16521,53,1,22250
32705.0,34,0,16521,34,1,22150
32715.0,34,0,16521,34,1,22051
32725.0,34,0,16521,34,1,21951
32735.0,34,0,16521,34,1,21852
32745.0,33,0,16521,34,1,21753
32755.0,33,0,16521,34,1,21655
32765.0,33,0,16521,34,1,21556
32775.0,32,0,16521,34,1,21458
32785.0,32,0,16521,34,1,21360
32795.0,32,0,16521,34,1,21262
32805.0,32,0,16521,34,1,21164
32815.0,31,0,16521,34,1,21067
32825.0,31,0,16521,34,1,20969
32835.0,31,0,16521,34,1,20872
32845.0,31,0,16521,34,1,20775
32855.0,30,0,16521,34,1,20678
32865.0,30,0,16521,34,1,20582
32875.0,30,0,16521,34,1,20485
32885.0,30,0,16521,34,1,20389
32895.0,29,0,16521,34,1,20293
32905.0,29,0,16521,34,1,20197
32915.0,29,0,16521,34,1,20101
32925.0,29,0,16521,34,1,20006
32935.0,28,0,16521,34,1,19910
32945.0,28,0,16521,34,1,19815
32955.0,28,0,16521,34,1,19720
32965.0,28,0,16521,34,1,19626
32975.0,27,0,16521,34,1,19531
32985.0,27,0,16521,34,1,19437
32995.0,27,0,16521,34,1,19343
33005.0,27,0,16521,34,1,19249
33015.0,26,0,16521,34,1,19155
33025.0,26,0,16521,34,1,19061
33035.0,26,0,16521,34,1,18968
33045.0,26,0,16521,34,1,18874
33055.0,25,0,16521,34,1,18781
33065.0,25,0,16521,34,1,18688
33075.0,25,0,16521,34,1,18596
33085.0,25,0,16521,34,1,18503
33095.0,25,0,16521,34,1,18411
33105.0,24,0,16521,34,1,18319
33115.0,24,0,16521,34,1,18227
33125.0,24,0,16521,34,1,18135
33135.0,24,0,16521,34,1,18044
33145.0,23,0,16521,34,1,17952
33155.0,23,0,16521,34,1,17861
33165.0,23,0,16521,34,1,17770
33175.0,23,0,16521,34,1,17679
33185.0,23,0,16521,34,1,17589
33195.0,22,0,16521,34,1,17498
33205.0,22,0,16521,34,1,17408
33215.0,22,0,16521,34,1,17318
33225.0,22,0,16521,34,1,17228
33235.0,21,0,16521,34,1,17138
33245.0,21,0,16521,34,1,17049
33255.0,21,0,16521,34,1,16959
33265.0,21,0,16521,34,1,16870
33275.0,21,0,16521,34,1,16781
33285.0,20,0,16521,34,1,16693
33295.0,20,0,16521,34,1,16604
33305.0,20,0,16521,34,1,16516
33315.0,20,0,16521,34,1,16428
33325.0,20,0,16521,34,1,16340
33335.0,19,1,11261,34,1,16252
33345.0,19,0,11261,19,1,16164
33355.0,19,0,11261,19,1,16077
33365.0,19,0,11261,19,1,15989
33375.0,18,0,11261,19,1,15902
33385.0,18,0,11261,19,1,15815
33395.0,18,0,11261,19,1,15729
33405.0,18,0,11261,19,1,15642
33415.0,18,0,11261,19,1,15556
33425.0,17,0,11261,19,1,15470
33435.0,17,0,11261,19,1,15384
33445.0,17,0,11261,19,1,15298
33455.0,17,0,11261,19,1,15213
33465.0,17,0,11261,19,1,15127
33475.0,17,0,11261,19,1,15042
33485.0,16,0,11261,19,1,14957
33495.0,16,0,11261,19,1,14872
33505.0,16,0,11261,19,1,14788
33515.0,16,0,11261,19,1,14703
33525.0,16,0,11261,19,1,14619
33535.0,15,0,11261,19,1,14535
33545.0,15,0,11261,19,1,14451
33555.0,15,0,11261,19,1,14367
33565.0,15,0,11261,19,1,14284
33575.0,15,0,11261,19,1,14200
33585.0,14,0,11261,19,1,14117
33595.0,14,0,11261,19,1,14034
33605.0,14,0,11261,19,1,13952
33615.0,14,0,11261,19,1,13869
33625.0,14,0,11261,19,1,13787
33635.0,14,0,11261,19,1,13705
33645.0,13,0,11261,19,1,13623
33655.0,13,0,11261,19,1,13541
33665.0,13,0,11261,19,1,13459
33675.0,13,0,11261,19,1,13378
33685.0,13,0,11261,19,1,13296
33695.0,13,0,11261,19,1,13215
33705.0,12,0,11261,19,1,13134
33715.0,12,0,11261,19,1,13054
33725.0,12,0,11261,19,1,12973
33735.0,12,0,11261,19,1,12893
33745.0,12,0,11261,19,1,12813
33755.0,12,0,11261,19,1,12733
33765.0,11,0,11261,19,1,12653
33775.0,11,0,11261,19,1,12574
33785.0,11,0,11261,19,1,12494
33795.0,11,0,11261,19,1,12415
33805.0,11,0,11261,19,1,12336
33815.0,11,0,11261,19,1,12257
33825.0,11,0,11261,19,1,12179
33835.0,10,0,11261,19,1,12100
33845.0,10,0,11261,19,1,12022
33855.0,10,0,11261,19,1,11944
33865.0,10,0,11261,19,1,11866
33875.0,10,0,11261,19,1,11788
33885.0,10,0,11261,19,1,11711
33895.0,9,0,11261,19,1,11633
33905.0,9,0,11261,19,1,11556
33915.0,9,0,11261,19,1,11479
33925.0,9,0,11261,19,1,11403
33935.0,9,0,11261,19,1,11326
33945.0,9,0,11261,19,1,11250
33955.0,9,0,11261,19,1,11174
33965.0,9,0,11261,19,1,11098
33975.0,8,1,6867,19,1,11022
33985.0,8,0,6867,8,1,10946
33995.0,8,0,6867,8,1,10871
34005.0,8,0,6867,8,1,10796
34015.0,8,0,6867,8,1,10721
34025.0,8,0,6867,8,1,10647
34035.0,8,0,6867,8,1,10573
34045.0,7,0,6867,8,1,10499
34055.0,7,0,6867,8,1,10425
34065.0,7,0,6867,8,1,10351
34075.0,7,0,6867,8,1,10278
34085.0,7,0,6867,8,1,10205
34095.0,7,0,6867,8,1,10132
34105.0,7,0,6867,8,1,10060
34115.0,7,0,6867,8,1,9988
34125.0,6,0,6867,8,1,9916
34135.0,6,0,6867,8,1,9844
34145.0,6,0,6867,8,1,9772
34155.0,6,0,6867,8,1,9701
34165.0,6,0,6867,8,1,9630
34175.0,6,0,6867,8,1,9559
34185.0,6,0,6867,8,1,9489
34195.0,6,0,6867,8,1,9419
34205.0,6,0,6867,8,1,9349
34215.0,6,0,6867,8,1,9279
34225.0,5,0,6867,8,1,9209
34235.0,5,0,6867,8,1,9140
34245.0,5,0,6867,8,1,9071
34255.0,5,0,6867,8,1,9002
34265.0,5,0,6867,8,1,8934
34275.0,5,0,6867,8,1,8866
34285.0,5,0,6867,8,1,8798
34295.0,5,0,6867,8,1,8730
34305.0,5,0,6867,8,1,8662
34315.0,5,0,6867,8,1,8595
34325.0,4,0,6867,8,1,8528
34335.0,4,0,6867,8,1,8461
34345.0,4,0,6867,8,1,8395
34355.0,4,0,6867,8,1,8329
34365.0,4,0,6867,8,1,8263
34375.0,4,0,6867,8,1,8197
34385.0,4,0,6867,8,1,8131
34395.0,4,0,6867,8,1,8066
34405.0,4,0,6867,8,1,8001
34415.0,4,0,6867,8,1,7936
34425.0,4,0,6867,8,1,7872
34435.0,3,0,6867,8,1,7808
34445.0,3,0,6867,8,1,7744
34455.0,3,0,6867,8,1,7680
34465.0,3,0,6867,8,1,7616
34475.0,3,0,6867,8,1,7553
34485.0,3,0,6867,8,1,7490
34495.0,3,0,6867,8,1,7427
34505.0,3,0,6867,8,1,7365
34515.0,3,0,6867,8,1,7303
34525.0,3,0,6867,8,1,7241
34535.0,3,0,6867,8,1,7179
34545.0,3,0,6867,8,1,7117
34555.0,3,0,6867,8,1,7056
34565.0,3,0,6867,8,1,6995
34575.0,3,0,6867,8,1,6934
34585.0,2,0,6867,8,1,6874
34595.0,2,0,6867,8,1,6814
34605.0,2,0,6867,8,1,6754
34615.0,2,1,3519,8,1,6694
34625.0,2,0,3519,2,1,6634
34635.0,2,0,3519,2,1,6575
34645.0,2,0,3519,2,1,6516
34655.0,2,0,3519,2,1,6457
34665.0,2,0,3519,2,1,6399
34675.0,2,0,3519,2,1,6341
34685.0,2,0,3519,2,1,6283
34695.0,2,0,3519,2,1,6225
34705.0,2,0,3519,2,1,6167
34715.0,2,0,3519,2,1,6110
34725.0,2,0,3519,2,1,6053
34735.0,2,0,3519,2,1,5996
34745.0,2,0,3519,2,1,5940
34755.0,2,0,3519,2,1,5884
34765.0,2,0,3519,2,1,5828
34775.0,2,0,3519,2,1,5772
34785.0,1,0,3519,2,1,5716
34795.0,1,0,3519,2,1,5661
34805.0,1,0,3519,2,1,5606
34815.0,1,0,3519,2,1,5551
34825.0,1,0,3519,2,1,5497
34835.0,1,0,3519,2,1,5443
34845.0,1,0,3519,2,1,5389
34855.0,1,0,3519,2,1,5335
34865.0,1,0,3519,2,1,5281
34875.0,1,0,3519,2,1,5228
34885.0,1,0,3519,2,1,5175
34895.0,1,0,3519,2,1,5122
34905.0,1,0,3519,2,1,5070
34915.0,1,0,3519,2,1,5018
34925.0,1,0,3519,2,1,4966
34935.0,1,0,3519,2,1,4914
34945.0,1,0,3519,2,1,4862
34955.0,1,0,3519,2,1,4811
34965.0,1,0,3519,2,1,4760
34975.0,1,0,3519,2,1,4709
34985.0,1,0,3519,2,1,4659
34995.0,1,0,3519,2,1,4609
35005.0,1,0,3519,2,1,4559
35015.0,1,0,3519,2,1,4509
35025.0,1,0,3519,2,1,4459
35035.0,1,0,3519,2,1,4410
35045.0,1,0,3519,2,1,4361
35055.0,1,0,3519,2,1,4312
35065.0,1,0,3519,2,1,4264
35075.0,1,0,3519,2,1,4216
35085.0,1,0,3519,2,1,4168
35095.0,1,0,3519,2,1,4120
35105.0,1,0,3519,2,1,4072
35115.0,1,0,3519,2,1,4025
35125.0,1,0,3519,2,1,3978
35135.0,1,0,3519,2,1,3931
35145.0,1,0,3519,2,1,3885
35155.0,1,0,3519,2,1,3839
35165.0,1,0,3519,2,1,3793
35175.0,1,0,3519,2,1,3747
35185.0,1,0,3519,2,1,3701
35195.0,1,0,3519,2,1,3656
35205.0,1,0,3519,2,1,3611
35215.0,1,0,3519,2,1,3566
35225.0,1,0,3519,2,1,3522
35235.0,1,0,3519,2,1,3478
35245.0,1,0,3519,2,1,3434
35255.0,1,1,1349,2,1,3390
35265.0,1,0,1349,1,1,3346
35275.0,1,0,1349,1,1,3303
35285.0,1,0,1349,1,1,3261
35295.0,1,0,1349,1,1,3218
35305.0,1,0,1349,1,1,3176
35315.0,1,0,1349,1,1,3134
35325.0,1,0,1349,1,1,3093
35335.0,1,0,1349,1,1,3052
35345.0,1,0,1349,1,1,3011
35355.0,2,0,1349,1,1,2970
35365.0,2,0,1349,1,1,2930
35375.0,2,0,1349,1,1,2890
35385.0,2,0,1349,1,1,2850
35395.0,2,0,1349,1,1,2811
35405.0,2,0,1349,1,1,2772
35415.0,2,0,1349,1,1,2733
35425.0,2,0,1349,1,1,2695
35435.0,2,0,1349,1,1,2657
35445.0,2,0,1349,1,1,2619
35455.0,2,0,1349,1,1,2582
35465.0,2,0,1349,1,1,2545
35475.0,2,0,1349,1,1,2508
35485.0,2,0,1349,1,1,2471
35495.0,2,0,1349,1,1,2435
35505.0,2,0,1349,1,1,2399
35515.0,2,0,1349,1,1,2364
35525.0,2,0,1349,1,1,2328
35535.0,2,0,1349,1,1,2293
35545.0,2,0,1349,1,1,2259
35555.0,3,0,1349,1,1,2225
35565.0,3,0,1349,1,1,2191
35575.0,3,0,1349,1,1,2157
35585.0,3,0,1349,1,1,2123
35595.0,3,0,1349,1,1,2090
35605.0,3,0,1349,1,1,2058
35615.0,3,0,1349,1,1,2025
35625.0,3,0,1349,1,1,1993
35635.0,3,0,1349,1,1,1961
35645.0,3,0,1349,1,1,1930
35655.0,3,0,1349,1,1,1899
35665.0,3,0,1349,1,1,1868
35675.0,3,0,1349,1,1,1837
35685.0,3,0,1349,1,1,1807
35695.0,3,0,1349,1,1,1777
35705.0,4,0,1349,1,1,1747
35715.0,4,0,1349,1,1,1718
35725.0,4,0,1349,1,1,1689
35735.0,4,0,1349,1,1,1660
35745.0,4,0,1349,1,1,1632
35755.0,4,0,1349,1,1,1604
35765.0,4,0,1349,1,1,1576
35775.0,4,0,1349,1,1,1549
35785.0,4,0,1349,1,1,1522
35795.0,4,0,1349,1,1,1495
35805.0,4,0,1349,1,1,1468
35815.0,5,0,1349,1,1,1442
35825.0,5,0,1349,1,1,1416
35835.0,5,0,1349,1,1,1391
35845.0,5,0,1349,1,1,1365
35855.0,5,0,1349,1,1,1340
35865.0,5,0,1349,1,1,1316
35875.0,5,0,1349,1,1,1292
35885.0,5,0,1349,1,1,1268
35895.0,5,1,431,1,1,1244
35905.0,5,0,431,5,1,1220
35915.0,6,0,431,5,1,1197
35925.0,6,0,431,5,1,1175
35935.0,6,0,431,5,1,1152
35945.0,6,0,431,5,1,1130
35955.0,6,0,431,5,1,1108
35965.0,6,0,431,5,1,1087
35975.0,6,0,431,5,1,1066
35985.0,6,0,431,5,1,1045
35995.0,6,0,431,5,1,1024
36005.0,6,0,431,5,1,1004
36015.0,7,0,431,5,1,984
36025.0,7,0,431,5,1,964
36035.0,7,0,431,5,1,945
36045.0,7,0,431,5,1,926
36055.0,7,0,431,5,1,907
36065.0,7,0,431,5,1,889
36075.0,7,0,431,5,1,871
36085.0,7,0,431,5,1,853
36095.0,8,0,431,5,1,836
36105.0,8,0,431,5,1,819
36115.0,8,0,431,5,1,802
36125.0,8,0,431,5,1,785
36135.0,8,0,431,5,1,769
36145.0,8,0,431,5,1,753
36155.0,8,0,431,5,1,738
36165.0,9,0,431,5,1,722
36175.0,9,0,431,5,1,707
36185.0,9,0,431,5,1,693
36195.0,9,0,431,5,1,679
36205.0,9,0,431,5,1,665
36215.0,9,0,431,5,1,651
36225.0,9,0,431,5,1,637
36235.0,9,0,431,5,1,624
36245.0,10,0,431,5,1,612
36255.0,10,0,431,5,1,599
36265.0,10,0,431,5,1,587
36275.0,10,0,431,5,1,575
36285.0,10,0,431,5,1,564
36295.0,10,0,431,5,1,553
36305.0,11,0,431,5,1,542
36315.0,11,0,431,5,1,531
36325.0,11,0,431,5,1,521
36335.0,11,0,431,5,1,511
36345.0,11,0,431,5,1,501
36355.0,11,0,431,5,1,492
36365.0,11,0,431,5,1,483
36375.0,12,0,431,5,1,474
36385.0,12,0,431,5,1,466
36395.0,12,0,431,5,1,458
36405.0,12,0,431,5,1,450
36415.0,12,0,431,5,1,443
36425.0,12,0,431,5,1,436
36435.0,13,0,431,5,1,429
36445.0,13,0,431,5,1,422
36455.0,13,0,431,5,1,416
36465.0,13,0,431,5,1,410
36475.0,13,0,431,5,1,405
36485.0,13,0,431,5,1,399
36495.0,14,0,431,5,1,394
36505.0,14,0,431,5,1,390
36515.0,14,0,431,5,1,386
36525.0,14,0,431,5,1,382
36535.0,14,1,838,5,1,378
36545.0,14,0,838,14,1,374
36555.0,15,0,838,14,1,371
36565.0,15,0,838,14,1,369
36575.0,15,0,838,14,1,366
36585.0,15,0,838,14,1,364
36595.0,15,0,838,14,1,362
36605.0,16,0,838,14,1,361
36615.0,16,0,838,14,1,360
36625.0,16,0,838,14,1,359
36635.0,16,0,838,14,1,358
36645.0,16,0,838,14,1,358
36655.0,17,0,838,14,1,358
36665.0,17,0,838,14,1,358
36675.0,17,0,838,14,1,359
36685.0,17,0,838,14,1,360
36695.0,17,0,838,14,1,361
36705.0,17,0,838,14,1,363
36715.0,18,0,838,14,1,365
36725.0,18,0,838,14,1,367
36735.0,18,0,838,14,1,370
36745.0,18,0,838,14,1,373
36755.0,18,0,838,14,1,376
36765.0,19,0,838,14,1,379
36775.0,19,0,838,14,1,383
36785.0,19,0,838,14,1,387
36795.0,19,0,838,14,1,392
36805.0,20,0,838,14,1,396
36815.0,20,0,838,14,1,401
36825.0,20,0,838,14,1,407
36835.0,20,0,838,14,1,413
36845.0,20,0,838,14,1,419
36855.0,21,0,838,14,1,425
36865.0,21,0,838,14,1,431
36875.0,21,0,838,14,1,438
36885.0,21,0,838,14,1,446
36895.0,21,0,838,14,1,453
36905.0,22,0,838,14,1,461
36915.0,22,0,838,14,1,469
36925.0,22,0,838,14,1,478
36935.0,22,0,838,14,1,487
36945.0,23,0,838,14,1,496
36955.0,23,0,838,14,1,505
36965.0,23,0,838,14,1,515
36975.0,23,0,838,14,1,525
36985.0,23,0,838,14,1,535
36995.0,24,0,838,14,1,546
37005.0,24,0,838,14,1,557
37015.0,24,0,838,14,1,568
37025.0,24,0,838,14,1,580
37035.0,25,0,838,14,1,592
37045.0,25,0,838,14,1,604
37055.0,25,0,838,14,1,617
37065.0,25,0,838,14,1,630
37075.0,25,0,838,14,1,643
37085.0,26,0,838,14,1,656
37095.0,26,0,838,14,1,670
37105.0,26,0,838,14,1,684
37115.0,26,0,838,14,1,699
37125.0,27,0,838,14,1,713
37135.0,27,0,838,14,1,728
37145.0,27,0,838,14,1,744
37155.0,27,0,838,14,1,760
37165.0,28,0,838,14,1,776
37175.0,28,1,2526,14,1,792
37185.0,28,0,2526,28,1,808
37195.0,28,0,2526,28,1,825
37205.0,29,0,2526,28,1,843
37215.0,29,0,2526,28,1,860
37225.0,29,0,2526,28,1,878
37235.0,29,0,2526,28,1,896
37245.0,30,0,2526,28,1,915
37255.0,30,0,2526,28,1,934
37265.0,30,0,2526,28,1,953
37275.0,30,0,2526,28,1,972
37285.0,31,0,2526,28,1,992
37295.0,31,0,2526,28,1,1012
37305.0,31,0,2526,28,1,1032
37315.0,31,0,2526,28,1,1053
37325.0,32,0,2526,28,1,1074
37335.0,32,0,2526,28,1,1095
37345.0,32,0,2526,28,1,1117
37355.0,32,0,2526,28,1,1139
37365.0,33,0,2526,28,1,1161
37375.0,33,0,2526,28,1,1184
37385.0,33,0,2526,28,1,1207
37395.0,34,0,2526,28,1,1230
37405.0,34,0,2526,28,1,1253
37415.0,34,0,2526,28,1,1277
37425.0,34,0,2526,28,1,1301
37435.0,35,0,2526,28,1,1326
37445.0,35,0,2526,28,1,1350
37455.0,35,0,2526,28,1,1375
37465.0,35,0,2526,28,1,1401
37475.0,36,0,2526,28,1,1427
37485.0,36,0,2526,28,1,1453
37495.0,36,0,2526,28,1,1479
37505.0,37,0,2526,28,1,1505
37515.0,37,0,2526,28,1,1532
37525.0,37,0,2526,28,1,1560
37535.0,37,0,2526,28,1,1587
37545.0,38,0,2526,28,1,1615
37555.0,38,0,2526,28,1,1643
37565.0,38,0,2526,28,1,1672
37575.0,38,0,2526,28,1,1701
37585.0,39,0,2526,28,1,1730
37595.0,39,0,2526,28,1,1759
37605.0,39,0,2526,28,1,1789
37615.0,40,0,2526,28,1,1819
37625.0,40,0,2526,28,1,1849
37635.0,40,0,2526,28,1,1880
37645.0,40,0,2526,28,1,1911
37655.0,41,0,2526,28,1,1942
37665.0,41,0,2526,28,1,1974
37675.0,41,0,2526,28,1,2006
37685.0,42,0,2526,28,1,2038
37695.0,42,0,2526,28,1,2071
37705.0,42,0,2526,28,1,2104
37715.0,43,0,2526,28,1,2137
37725.0,43,0,2526,28,1,2170
37735.0,43,0,2526,28,1,2204
37745.0,43,0,2526,28,1,2238
37755.0,44,0,2526,28,1,2273
37765.0,44,0,2526,28,1,2307
37775.0,44,0,2526,28,1,2342
37785.0,45,0,2526,28,1,2378
37795.0,45,0,2526,28,1,2414
37805.0,45,0,2526,28,1,2450
37815.0,46,1,5427,28,1,2486
37825.0,46,0,5427,46,1,2522
37835.0,46,0,5427,46,1,2559
37845.0,46,0,5427,46,1,2597
37855.0,47,0,5427,46,1,2634
37865.0,47,0,5427,46,1,2672
37875.0,47,0,5427,46,1,2710
37885.0,48,0,5427,46,1,2749
37895.0,48,0,5427,46,1,2788
37905.0,48,0,5427,46,1,2827
37915.0,49,0,5427,46,1,2866
37925.0,49,0,5427,46,1,2906
37935.0,49,0,5427,46,1,2946
37945.0,50,0,5427,46,1,2986
37955.0,50,0,5427,46,1,3027
37965.0,50,0,5427,46,1,3068
37975.0,50,0,5427,46,1,3109
37985.0,51,0,5427,46,1,3151
37995.0,51,0,5427,46,1,3193
38005.0,51,0,5427,46,1,3235
38015.0,52,0,5427,46,1,3278
38025.0,52,0,5427,46,1,3321
38035.0,52,0,5427,46,1,3364
38045.0,53,0,5427,46,1,3407
38055.0,53,0,5427,46,1,3451
38065.0,53,0,5427,46,1,3495
38075.0,54,0,5427,46,1,3540
38085.0,54,0,5427,46,1,3584
38095.0,54,0,5427,46,1,3629
38105.0,55,0,5427,46,1,3675
38115.0,55,0,5427,46,1,3721
38125.0,55,0,5427,46,1,3767
38135.0,56,0,5427,46,1,3813
38145.0,56,0,5427,46,1,3859
38155.0,56,0,5427,46,1,3906
38165.0,57,0,5427,46,1,3954
38175.0,57,0,5427,46,1,4001
38185.0,57,0,5427,46,1,4049
38195.0,58,0,5427,46,1,4097
38205.0,58,0,5427,46,1,4146
38215.0,58,0,5427,46,1,4195
38225.0,59,0,5427,46,1,4244
38235.0,59,0,5427,46,1,4293
38245.0,59,0,5427,46,1,4343
38255.0,60,0,5427,46,1,4393
38265.0,60,0,5427,46,1,4443
38275.0,60,0,5427,46,1,4494
38285.0,61,0,5427,46,1,4545
38295.0,61,0,5427,46,1,4596
38305.0,61,0,5427,46,1,4648
38315.0,62,0,5427,46,1,4700
38325.0,62,0,5427,46,1,4752
38335.0,62,0,5427,46,1,4805
38345.0,63,0,5427,46,1,4858
38355.0,63,0,5427,46,1,4911
38365.0,63,0,5427,46,1,4964
38375.0,64,0,5427,46,1,5018
38385.0,64,0,5427,46,1,5072
38395.0,64,0,5427,46,1,5127
38405.0,65,0,5427,46,1,5181
38415.0,65,0,5427,46,1,5236
38425.0,65,0,5427,46,1,5292
38435.0,66,0,5427,46,1,5348
38445.0,66,0,5427,46,1,5404
38455.0,66,1,9430,46,1,5460
38465.0,67,0,9430,67,1,5516
38475.0,67,0,9430,67,1,5573
38485.0,68,0,9430,67,1,5630
38495.0,68,0,9430,67,1,5687
38505.0,68,0,9430,67,1,5745
38515.0,69,0,9430,67,1,5803
38525.0,69,0,9430,67,1,5861
38535.0,69,0,9430,67,1,5919
38545.0,70,0,9430,67,1,5977
38555.0,70,0,9430,67,1,6036
38565.0,70,0,9430,67,1,6095
38575.0,71,0,9430,67,1,6154
38585.0,71,0,9430,67,1,6214
38595.0,71,0,9430,67,1,6274
38605.0,72,0,9430,67,1,6334
38615.0,72,0,9430,67,1,6394
38625.0,72,0,9430,67,1,6454
38635.0,73,0,9430,67,1,6515
38645.0,73,0,9430,67,1,6576
38655.0,74,0,9430,67,1,6637
38665.0,74,0,9430,67,1,6699
38675.0,74,0,9430,67,1,6761
38685.0,75,0,9430,67,1,6823
38695.0,75,0,9430,67,1,6885
38705.0,75,0,9430,67,1,6947
38715.0,76,0,9430,67,1,7010
38725.0,76,0,9430,67,1,7073
38735.0,76,0,9430,67,1,7136
38745.0,77,0,9430,67,1,7200
38755.0,77,0,9430,67,1,7264
38765.0,78,0,9430,67,1,7328
38775.0,78,0,9430,67,1,7392
38785.0,78,0,9430,67,1,7456
38795.0,79,0,9430,67,1,7521
38805.0,79,0,9430,67,1,7586
38815.0,79,0,9430,67,1,7651
38825.0,80,0,9430,67,1,7717
38835.0,80,0,9430,67,1,7783
38845.0,81,0,9430,67,1,7849
38855.0,81,0,9430,67,1,7915
38865.0,81,0,9430,67,1,7981
38875.0,82,0,9430,67,1,8048
38885.0,82,0,9430,67,1,8115
38895.0,82,0,9430,67,1,8182
38905.0,83,0,9430,67,1,8250
38915.0,83,0,9430,67,1,8318
38925.0,83,0,9430,67,1,8386
38935.0,84,0,9430,67,1,8454
38945.0,84,0,9430,67,1,8522
38955.0,85,0,9430,67,1,8591
38965.0,85,0,9430,67,1,8660
38975.0,85,0,9430,67,1,8729
38985.0,86,0,9430,67,1,8799
38995.0,86,0,9430,67,1,8869
39005.0,86,0,9430,67,1,8939
39015.0,87,0,9430,67,1,9009
39025.0,87,0,9430,67,1,9079
39035.0,88,0,9430,67,1,9150
39045.0,88,0,9430,67,1,9221
39055.0,88,0,9430,67,1,9292
39065.0,89,0,9430,67,1,9364
39075.0,89,0,9430,67,1,9436
39085.0,90,0,9430,67,1,9508
39095.0,90,1,14377,67,1,9580
39105.0,90,0,14377,90,1,9652
39115.0,91,0,14377,90,1,9725
39125.0,91,0,14377,90,1,9797
39135.0,91,0,14377,90,1,9870
39145.0,92,0,14377,90,1,9943
39155.0,92,0,14377,90,1,10017
39165.0,93,0,14377,90,1,10090
39175.0,93,0,14377,90,1,10164
39185.0,93,0,14377,90,1,10238
39195.0,94,0,14377,90,1,10312
39205.0,94,0,14377,90,1,10386
39215.0,94,0,14377,90,1,10461
39225.0,95,0,14377,90,1,10535
39235.0,95,0,14377,90,1,10610
39245.0,96,0,14377,90,1,10685
39255.0,96,0,14377,90,1,10760
39265.0,96,0,14377,90,1,10836
39275.0,97,0,14377,90,1,10911
39285.0,97,0,14377,90,1,10987
39295.0,98,0,14377,90,1,11063
39305.0,98,0,14377,90,1,11139
39315.0,98,0,14377,90,1,11215
39325.0,99,0,14377,90,1,11292
39335.0,99,0,14377,90,1,11368
39345.0,100,0,14377,90,1,11445
39355.0,100,0,14377,90,1,11522
39365.0,100,0,14377,90,1,11600
39375.0,101,0,14377,90,1,11677
39385.0,101,0,14377,90,1,11755
39395.0,101,0,14377,90,1,11833
39405.0,102,0,14377,90,1,11911
39415.0,102,0,14377,90,1,11989
39425.0,103,0,14377,90,1,12067
39435.0,103,0,14377,90,1,12146
39445.0,103,0,14377,90,1,12224
39455.0,104,0,14377,90,1,12303
39465.0,104,0,14377,90,1,12382
39475.0,105,0,14377,90,1,12462
39485.0,105,0,14377,90,1,12541
39495.0,105,0,14377,90,1,12621
39505.0,106,0,14377,90,1,12701
39515.0,106,0,14377,90,1,12781
39525.0,107,0,14377,90,1,12861
39535.0,107,0,14377,90,1,12942
39545.0,107,0,14377,90,1,13022
39555.0,108,0,14377,90,1,13103
39565.0,108,0,14377,90,1,13184
39575.0,109,0,14377,90,1,13265
39585.0,109,0,14377,90,1,13347
39595.0,109,0,14377,90,1,13428
39605.0,110,0,14377,90,1,13510
39615.0,110,0,14377,90,1,13592
39625.0,111,0,14377,90,1,13674
39635.0,111,0,14377,90,1,13756
39645.0,111,0,14377,90,1,13839
39655.0,112,0,14377,90,1,13921
39665.0,112,0,14377,90,1,14004
39675.0,112,0,14377,90,1,14087
39685.0,113,0,14377,90,1,14171
39695.0,113,0,14377,90,1,14254
39705.0,114,0,14377,90,1,14338
39715.0,114,0,14377,90,1,14422
39725.0,114,0,14377,90,1,14506
39735.0,115,1,20060,90,1,14590
39745.0,115,0,20060,115,1,14674
39755.0,116,0,20060,115,1,14758
39765.0,116,0,20060,115,1,14843
39775.0,116,0,20060,115,1,14927
39785.0,117,0,20060,115,1,15012
39795.0,117,0,20060,115,1,15097
39805.0,118,0,20060,115,1,15182
39815.0,118,0,20060,115,1,15267
39825.0,118,0,20060,115,1,15352
39835.0,119,0,20060,115,1,15438
39845.0,119,0,20060,115,1,15523
39855.0,120,0,20060,115,1,15609
39865.0,120,0,20060,115,1,15695
39875.0,120,0,20060,115,1,15781
39885.0,121,0,20060,115,1,15867
39895.0,121,0,20060,115,1,15953
39905.0,122,0,20060,115,1,16039
39915.0,122,0,20060,115,1,16125
39925.0,122,0,20060,115,1,16212
39935.0,123,0,20060,115,1,16298
39945.0,123,0,20060,115,1,16385
39955.0,124,0,20060,115,1,16472
39965.0,124,0,20060,115,1,16559
39975.0,124,0,20060,115,1,16646
39985.0,125,0,20060,115,1,16733
39995.0,125,0,20060,115,1,16821
40005.0,126,0,20060,115,1,16908
40015.0,126,0,20060,115,1,16996
40025.0,126,0,20060,115,1,17084
40035.0,127,0,20060,115,1,17172
40045.0,127,0,20060,115,1,17260
40055.0,128,0,20060,115,1,17348
40065.0,128,0,20060,115,1,17436
40075.0,128,0,20060,115,1,17524
40085.0,129,0,20060,115,1,17613
40095.0,129,0,20060,115,1,17701
40105.0,130,0,20060,115,1,17790
40115.0,130,0,20060,115,1,17879
40125.0,130,0,20060,115,1,17968
40135.0,131,0,20060,115,1,18057
40145.0,131,0,20060,115,1,18146
40155.0,132,0,20060,115,1,18236
40165.0,132,0,20060,115,1,18325
40175.0,132,0,20060,115,1,18415
40185.0,133,0,20060,115,1,18505
40195.0,133,0,20060,115,1,18595
40205.0,134,0,20060,115,1,18685
40215.0,134,0,20060,115,1,18775
40225.0,134,0,20060,115,1,18865
40235.0,135,0,20060,115,1,18955
40245.0,135,0,20060,115,1,19046
40255.0,136,0,20060,115,1,19136
40265.0,136,0,20060,115,1,19227
40275.0,136,0,20060,115,1,19318
40285.0,137,0,20060,115,1,19409
40295.0,137,0,20060,115,1,19500
40305.0,138,0,20060,115,1,19591
40315.0,138,0,20060,115,1,19683
40325.0,138,0,20060,115,1,19774
40335.0,139,0,20060,115,1,19866
40345.0,139,0,20060,115,1,19958
40355.0,140,0,20060,115,1,20050
40365.0,140,0,20060,115,1,20142
40375.0,140,1,26257,115,1,20234
40385.0,141,0,26257,141,1,20326
40395.0,141,0,26257,141,1,20418
40405.0,142,0,26257,141,1,20511
40415.0,142,0,26257,141,1,20603
40425.0,142,0,26257,141,1,20696
40435.0,143,0,26257,141,1,20789
40445.0,143,0,26257,141,1,20882
40455.0,144,0,26257,141,1,20975
40465.0,144,0,26257,141,1,21068
40475.0,144,0,26257,141,1,21162
40485.0,145,0,26257,141,1,21255
40495.0,145,0,26257,141,1,21349
40505.0,145,0,26257,141,1,21443
40515.0,146,0,26257,141,1,21537
40525.0,146,0,26257,141,1,21631
40535.0,147,0,26257,141,1,21725
40545.0,147,0,26257,141,1,21819
40555.0,147,0,26257,141,1,21913
40565.0,148,0,26257,141,1,22008
40575.0,148,0,26257,141,1,22102
40585.0,149,0,26257,141,1,22197
40595.0,149,0,26257,141,1,22292
40605.0,149,0,26257,141,1,22387
40615.0,150,0,26257,141,1,22482
40625.0,150,0,26257,141,1,22577
40635.0,151,0,26257,141,1,22673
40645.0,151,0,26257,141,1,22768
40655.0,151,0,26257,141,1,22864
40665.0,152,0,26257,141,1,22960
40675.0,152,0,26257,141,1,23056
40685.0,153,0,26257,141,1,23152
40695.0,153,0,26257,141,1,23248
40705.0,153,0,26257,141,1,23344
40715.0,154,0,26257,141,1,23440
40725.0,154,0,26257,141,1,23537
40735.0,155,0,26257,141,1,23633
40745.0,155,0,26257,141,1,23730
40755.0,155,0,26257,141,1,23827
40765.0,156,0,26257,141,1,23924
40775.0,156,0,26257,141,1,24021
40785.0,156,0,26257,141,1,24118
40795.0,157,0,26257,141,1,24216
40805.0,157,0,26257,141,1,24313
40815.0,158,0,26257,141,1,24411
40825.0,158,0,26257,141,1,24509
40835.0,158,0,26257,141,1,24607
40845.0,159,0,26257,141,1,24705
40855.0,159,0,26257,141,1,24803
40865.0,160,0,26257,141,1,24901
40875.0,160,0,26257,141,1,24999
40885.0,160,0,26257,141,1,25098
40895.0,161,0,26257,141,1,25196
40905.0,161,0,26257,141,1,25295
40915.0,162,0,26257,141,1,25394
40925.0,162,0,26257,141,1,25493
40935.0,162,0,26257,141,1,25592
40945.0,163,0,26257,141,1,25691
40955.0,163,0,26257,141,1,25791
40965.0,163,0,26257,141,1,25890
40975.0,164,0,26257,141,1,25990
40985.0,164,0,26257,141,1,26090
40995.0,165,0,26257,141,1,26190
41005.0,165,0,26257,141,1,26290
41015.0,165,1,32717,141,1,26390
41025.0,166,0,32717,166,1,26490
41035.0,166,0,32717,166,1,26590
41045.0,166,0,32717,166,1,26690
41055.0,167,0,32717,166,1,26790
41065.0,167,0,32717,166,1,26891
41075.0,168,0,32717,166,1,26991
41085.0,168,0,32717,166,1,27092
41095.0,168,0,32717,166,1,27192
41105.0,169,0,32717,166,1,27293
41115.0,169,0,32717,166,1,27394
41125.0,170,0,32717,166,1,27494
41135.0,170,0,32717,166,1,27595
41145.0,170,0,32717,166,1,27696
41155.0,171,0,32717,166,1,27797
41165.0,171,0,32717,166,1,27898
41175.0,171,0,32717,166,1,27999
41185.0,172,0,32717,166,1,28100
41195.0,172,0,32717,166,1,28201
41205.0,173,0,32717,166,1,28303
41215.0,173,0,32717,166,1,28404
41225.0,173,0,32717,166,1,28505
41235.0,174,0,32717,166,1,28607
41245.0,174,0,32717,166,1,28708
41255.0,174,0,32717,166,1,28810
41265.0,175,0,32717,166,1,28911
41275.0,175,0,32717,166,1,29013
41285.0,175,0,32717,166,1,29115
41295.0,176,0,32717,166,1,29217
41305.0,176,0,32717,166,1,29319
41315.0,177,0,32717,166,1,29421
41325.0,177,0,32717,166,1,29523
41335.0,177,0,32717,166,1,29625
41345.0,178,0,32717,166,1,29727
41355.0,178,0,32717,166,1,29829
41365.0,178,0,32717,166,1,29931
41375.0,179,0,32717,166,1,30033
41385.0,179,0,32717,166,1,30136
41395.0,180,0,32717,166,1,30238
41405.0,180,0,32717,166,1,30341
41415.0,180,0,32717,166,1,30443
41425.0,181,0,32717,166,1,30546
41435.0,181,0,32717,166,1,30649
41445.0,181,0,32717,166,1,30751
41455.0,182,0,32717,166,1,30854
41465.0,182,0,32717,166,1,30957
41475.0,182,0,32717,166,1,31060
41485.0,183,0,32717,166,1,31163
41495.0,183,0,32717,166,1,31266
41505.0,184,0,32717,166,1,31369
41515.0,184,0,32717,166,1,31472
41525.0,184,0,32717,166,1,31576
41535.0,185,0,32717,166,1,31679
41545.0,185,0,32717,166,1,31782
41555.0,185,0,32717,166,1,31886
41565.0,186,0,32717,166,1,31989
41575.0,186,0,32717,166,1,32093
41585.0,186,0,32717,166,1,32196
41595.0,187,0,32717,166,1,32300
41605.0,187,0,32717,166,1,32404
41615.0,187,0,32717,166,1,32508
41625.0,188,0,32717,166,1,32612
41635.0,188,0,32717,166,1,32716
41645.0,188,0,32717,166,1,32820
41655.0,189,1,39178,166,1,32923
41665.0,189,0,39178,189,1,33027
41675.0,190,0,39178,189,1,33131
41685.0,190,0,39178,189,1,33235
41695.0,190,0,39178,189,1,33339
41705.0,191,0,39178,189,1,33442
41715.0,191,0,39178,189,1,33546
41725.0,191,0,39178,189,1,33649
41735.0,192,0,39178,189,1,33753
41745.0,192,0,39178,189,1,33856
41755.0,192,0,39178,189,1,33959
41765.0,193,0,39178,189,1,34063
41775.0,193,0,39178,189,1,34166
41785.0,193,0,39178,189,1,34269
41795.0,194,0,39178,189,1,34372
41805.0,194,0,39178,189,1,34475
41815.0,194,0,39178,189,1,34578
41825.0,195,0,39178,189,1,34681
41835.0,195,0,39178,189,1,34784
41845.0,195,0,39178,189,1,34886
41855.0,196,0,39178,189,1,34989
41865.0,196,0,39178,189,1,35092
41875.0,196,0,39178,189,1,35194
41885.0,197,0,39178,189,1,35297
41895.0,197,0,39178,189,1,35399
41905.0,197,0,39178,189,1,35502
41915.0,198,0,39178,189,1,35604
41925.0,198,0,39178,189,1,35706
41935.0,198,0,39178,189,1,35808
41945.0,199,0,39178,189,1,35910
41955.0,199,0,39178,189,1,36013
41965.0,199,0,39178,189,1,36115
41975.0,200,0,39178,189,1,36216
41985.0,200,0,39178,189,1,36318
41995.0,200,0,39178,189,1,36420
42005.0,201,0,39178,189,1,36522
42015.0,201,0,39178,189,1,36624
42025.0,201,0,39178,189,1,36725
42035.0,202,0,39178,189,1,36827
42045.0,202,0,39178,189,1,36928
42055.0,202,0,39178,189,1,37030
42065.0,203,0,39178,189,1,37131
42075.0,203,0,39178,189,1,37232
42085.0,203,0,39178,189,1,37334
42095.0,204,0,39178,189,1,37435
42105.0,204,0,39178,189,1,37536
42115.0,204,0,39178,189,1,37637
42125.0,205,0,39178,189,1,37738
42135.0,205,0,39178,189,1,37839
42145.0,205,0,39178,189,1,37940
42155.0,206,0,39178,189,1,38041
42165.0,206,0,39178,189,1,38141
42175.0,206,0,39178,189,1,38242
42185.0,206,0,39178,189,1,38343
42195.0,207,0,39178,189,1,38443
42205.0,207,0,39178,189,1,38544
42215.0,207,0,39178,189,1,38644
42225.0,208,0,39178,189,1,38745
42235.0,208,0,39178,189,1,38845
42245.0,208,0,39178,189,1,38945
42255.0,209,0,39178,189,1,39045
42265.0,209,0,39178,189,1,39145
42275.0,209,0,39178,189,1,39246
42285.0,210,0,39178,189,1,39346
42295.0,210,1,45382,189,1,39445
42305.0,210,0,45382,210,1,39545
42315.0,210,0,45382,210,1,39645
42325.0,211,0,45382,210,1,39744
42335.0,211,0,45382,210,1,39844
42345.0,211,0,45382,210,1,39943
42355.0,212,0,45382,210,1,40042
42365.0,212,0,45382,210,1,40141
42375.0,212,0,45382,210,1,40240
42385.0,213,0,45382,210,1,40339
42395.0,213,0,45382,210,1,40437
42405.0,213,0,45382,210,1,40536
42415.0,213,0,45382,210,1,40634
42425.0,214,0,45382,210,1,40732
42435.0,214,0,45382,210,1,40831
42445.0,214,0,45382,210,1,40929
42455.0,215,0,45382,210,1,41026
42465.0,215,0,45382,210,1,41124
42475.0,215,0,45382,210,1,41222
42485.0,216,0,45382,210,1,41319
42495.0,216,0,45382,210,1,41417
42505.0,216,0,45382,210,1,41514
42515.0,216,0,45382,210,1,41611
42525.0,217,0,45382,210,1,41708
42535.0,217,0,45382,210,1,41805
42545.0,217,0,45382,210,1,41902
42555.0,218,0,45382,210,1,41998
42565.0,218,0,45382,210,1,42095
42575.0,218,0,45382,210,1,42191
42585.0,218,0,45382,210,1,42287
42595.0,219,0,45382,210,1,42384
42605.0,219,0,45382,210,1,42480
42615.0,219,0,45382,210,1,42575
42625.0,219,0,45382,210,1,42671
42635.0,220,0,45382,210,1,42767
42645.0,220,0,45382,210,1,42862
42655.0,220,0,45382,210,1,42958
42665.0,221,0,45382,210,1,43053
42675.0,221,0,45382,210,1,43148
42685.0,221,0,45382,210,1,43243
42695.0,221,0,45382,210,1,43338
42705.0,222,0,45382,210,1,43433
42715.0,222,0,45382,210,1,43527
42725.0,222,0,45382,210,1,43622
42735.0,222,0,45382,210,1,43716
42745.0,223,0,45382,210,1,43810
42755.0,223,0,45382,210,1,43905
42765.0,223,0,45382,210,1,43999
42775.0,224,0,45382,210,1,44092
42785.0,224,0,45382,210,1,44186
42795.0,224,0,45382,210,1,44280
42805.0,224,0,45382,210,1,44373
42815.0,225,0,45382,210,1,44467
42825.0,225,0,45382,210,1,44560
42835.0,225,0,45382,210,1,44653
42845.0,225,0,45382,210,1,44746
42855.0,226,0,45382,210,1,44839
42865.0,226,0,45382,210,1,44932
42875.0,226,0,45382,210,1,45024
42885.0,226,0,45382,210,1,45117
42895.0,227,0,45382,210,1,45209
42905.0,227,0,45382,210,1,45301
42915.0,227,0,45382,210,1,45394
42925.0,227,0,45382,210,1,45486
42935.0,228,1,51075,210,1,45577
42945.0,228,0,51075,228,1,45669
42955.0,228,0,51075,228,1,45761
42965.0,228,0,51075,228,1,45852
42975.0,229,0,51075,228,1,45944
42985.0,229,0,51075,228,1,46035
42995.0,229,0,51075,228,1,46126
43005.0,229,0,51075,228,1,46217
43015.0,230,0,51075,228,1,46308
43025.0,230,0,51075,228,1,46399
43035.0,230,0,51075,228,1,46489
43045.0,230,0,51075,228,1,46580
43055.0,231,0,51075,228,1,46670
43065.0,231,0,51075,228,1,46760
43075.0,231,0,51075,228,1,46851
43085.0,231,0,51075,228,1,46941
43095.0,231,0,51075,228,1,47030
43105.0,232,0,51075,228,1,47120
43115.0,232,0,51075,228,1,47210
43125.0,232,0,51075,228,1,47299
43135.0,232,0,51075,228,1,47389
43145.0,233,0,51075,228,1,47478
43155.0,233,0,51075,228,1,47567
43165.0,233,0,51075,228,1,47656
43175.0,233,0,51075,228,1,47745
43185.0,233,0,51075,228,1,47834
43195.0,234,0,51075,228,1,47922
43205.0,234,0,51075,228,1,48011
43215.0,234,0,51075,228,1,48099
43225.0,234,0,51075,228,1,48187
43235.0,235,0,51075,228,1,48276
43245.0,235,0,51075,228,1,48364
43255.0,235,0,51075,228,1,48451
43265.0,235,0,51075,228,1,48539
43275.0,235,0,51075,228,1,48627
43285.0,236,0,51075,228,1,48714
43295.0,236,0,51075,228,1,48802
43305.0,236,0,51075,228,1,48889
43315.0,236,0,51075,228,1,48976
43325.0,236,0,51075,228,1,49063
43335.0,237,0,51075,228,1,49150
43345.0,237,0,51075,228,1,49237
43355.0,237,0,51075,228,1,49323
43365.0,237,0,51075,228,1,49410
43375.0,238,0,51075,228,1,49496
43385.0,238,0,51075,228,1,49582
43395.0,238,0,51075,228,1,49669
43405.0,238,0,51075,228,1,49755
43415.0,238,0,51075,228,1,49840
43425.0,239,0,51075,228,1,49926
43435.0,239,0,51075,228,1,50012
43445.0,239,0,51075,228,1,50097
43455.0,239,0,51075,228,1,50183
43465.0,239,0,51075,228,1,50268
43475.0,239,0,51075,228,1,50353
43485.0,240,0,51075,228,1,50438
43495.0,240,0,51075,228,1,50523
43505.0,240,0,51075,228,1,50608
43515.0,240,0,51075,228,1,50692
43525.0,240,0,51075,228,1,50777
43535.0,241,0,51075,228,1,50861
43545.0,241,0,51075,228,1,50945
43555.0,241,0,51075,228,1,51030
43565.0,241,0,51075,228,1,51114
43575.0,241,1,56034,228,1,51197
43585.0,242,0,56034,242,1,51281
43595.0,242,0,56034,242,1,51364
43605.0,242,0,56034,242,1,51448
43615.0,242,0,56034,242,1,51531
43625.0,242,0,56034,242,1,51614
43635.0,242,0,56034,242,1,51696
43645.0,243,0,56034,242,1,51779
43655.0,243,0,56034,242,1,51861
43665.0,243,0,56034,242,1,51943
43675.0,243,0,56034,242,1,52025
43685.0,243,0,56034,242,1,52107
43695.0,243,0,56034,242,1,52188
43705.0,244,0,56034,242,1,52270
43715.0,244,0,56034,242,1,52351
43725.0,244,0,56034,242,1,52432
43735.0,244,0,56034,242,1,52513
43745.0,244,0,56034,242,1,52593
43755.0,244,0,56034,242,1,52674
43765.0,245,0,56034,242,1,52754
43775.0,245,0,56034,242,1,52834
43785.0,245,0,56034,242,1,52914
43795.0,245,0,56034,242,1,52994
43805.0,245,0,56034,242,1,53073
43815.0,245,0,56034,242,1,53153
43825.0,245,0,56034,242,1,53232
43835.0,246,0,56034,242,1,53311
43845.0,246,0,56034,242,1,53389
43855.0,246,0,56034,242,1,53468
43865.0,246,0,56034,242,1,53546
43875.0,246,0,56034,242,1,53625
43885.0,246,0,56034,242,1,53703
43895.0,247,0,56034,242,1,53780
43905.0,247,0,56034,242,1,53858
43915.0,247,0,56034,242,1,53935
43925.0,247,0,56034,242,1,54013
43935.0,247,0,56034,242,1,54090
43945.0,247,0,56034,242,1,54167
43955.0,247,0,56034,242,1,54243
43965.0,247,0,56034,242,1,54320
43975.0,248,0,56034,242,1,54396
43985.0,248,0,56034,242,1,54472
43995.0,248,0,56034,242,1,54548
44005.0,248,0,56034,242,1,54624
44015.0,248,0,56034,242,1,54699
44025.0,248,0,56034,242,1,54775
44035.0,248,0,56034,242,1,54850
44045.0,249,0,56034,242,1,54925
44055.0,249,0,56034,242,1,55000
44065.0,249,0,56034,242,1,55074
44075.0,249,0,56034,242,1,55149
44085.0,249,0,56034,242,1,55223
44095.0,249,0,56034,242,1,55297
44105.0,249,0,56034,242,1,55371
44115.0,249,0,56034,242,1,55445
44125.0,250,0,56034,242,1,55518
44135.0,250,0,56034,242,1,55592
44145.0,250,0,56034,242,1,55665
44155.0,250,0,56034,242,1,55738
44165.0,250,0,56034,242,1,55810
44175.0,250,0,56034,242,1,55883
44185.0,250,0,56034,242,1,55955
44195.0,250,0,56034,242,1,56028
44205.0,250,0,56034,242,1,56100
44215.0,250,1,60054,242,1,56171
44225.0,251,0,60054,251,1,56243
44235.0,251,0,60054,251,1,56314
44245.0,251,0,60054,251,1,56385
44255.0,251,0,60054,251,1,56456
44265.0,251,0,60054,251,1,56526
44275.0,251,0,60054,251,1,56597
44285.0,251,0,60054,251,1,56667
44295.0,251,0,60054,251,1,56736
44305.0,251,0,60054,251,1,56806
44315.0,251,0,60054,251,1,56875
44325.0,252,0,60054,251,1,56944
44335.0,252,0,60054,251,1,57013
44345.0,252,0,60054,251,1,57081
44355.0,252,0,60054,251,1,57150
44365.0,252,0,60054,251,1,57218
44375.0,252,0,60054,251,1,57285
44385.0,252,0,60054,251,1,57353
44395.0,252,0,60054,251,1,57420
44405.0,252,0,60054,251,1,57487
44415.0,252,0,60054,251,1,57554
44425.0,252,0,60054,251,1,57620
44435.0,253,0,60054,251,1,57687
44445.0,253,0,60054,251,1,57753
44455.0,253,0,60054,251,1,57818
44465.0,253,0,60054,251,1,57884
44475.0,253,0,60054,251,1,57949
44485.0,253,0,60054,251,1,58014
44495.0,253,0,60054,251,1,58079
44505.0,253,0,60054,251,1,58143
44515.0,253,0,60054,251,1,58208
44525.0,253,0,60054,251,1,58272
44535.0,253,0,60054,251,1,58335
44545.0,253,0,60054,251,1,58399
44555.0,253,0,60054,251,1,58462
44565.0,253,0,60054,251,1,58525
44575.0,253,0,60054,251,1,58588
44585.0,254,0,60054,251,1,58650
44595.0,254,0,60054,251,1,58713
44605.0,254,0,60054,251,1,58775
44615.0,254,0,60054,251,1,58836
44625.0,254,0,60054,251,1,58898
44635.0,254,0,60054,251,1,58959
44645.0,254,0,60054,251,1,59020
44655.0,254,0,60054,251,1,59081
44665.0,254,0,60054,251,1,59141
44675.0,254,0,60054,251,1,59202
44685.0,254,0,60054,251,1,59262
44695.0,254,0,60054,251,1,59321
44705.0,254,0,60054,251,1,59381
44715.0,254,0,60054,251,1,59440
44725.0,254,0,60054,251,1,59499
44735.0,254,0,60054,251,1,59558
44745.0,254,0,60054,251,1,59616
44755.0,254,0,60054,251,1,59675
44765.0,254,0,60054,251,1,59733
44775.0,254,0,60054,251,1,59790
44785.0,255,0,60054,251,1,59848
44795.0,255,0,60054,251,1,59905
44805.0,255,0,60054,251,1,59962
44815.0,255,0,60054,251,1,60019
44825.0,255,0,60054,251,1,60075
44835.0,255,0,60054,251,1,60132
44845.0,255,0,60054,251,1,60188
44855.0,255,1,62973,251,1,60243
44865.0,255,0,62973,255,1,60299
44875.0,255,0,62973,255,1,60354
44885.0,255,0,62973,255,1,60408
44895.0,255,0,62973,255,1,60463
44905.0,255,0,62973,255,1,60517
44915.0,255,0,62973,255,1,60571
44925.0,255,0,62973,255,1,60624
44935.0,255,0,62973,255,1,60677
44945.0,255,0,62973,255,1,60730
44955.0,255,0,62973,255,1,60783
44965.0,255,0,62973,255,1,60835
44975.0,255,0,62973,255,1,60887
44985.0,255,0,62973,255,1,60939
44995.0,255,0,62973,255,1,60990
45005.0,255,0,62973,255,1,61041
45015.0,255,0,62973,255,1,61092
45025.0,255,0,62973,255,1,61142
45035.0,255,0,62973,255,1,61192
45045.0,255,0,62973,255,1,61242
45055.0,255,0,62973,255,1,61291
45065.0,255,0,62973,255,1,61340
45075.0,255,0,62973,255,1,61389
45085.0,255,0,62973,255,1,61438
45095.0,255,0,62973,255,1,61486
45105.0,255,0,62973,255,1,61534
45115.0,255,0,62973,255,1,61581
45125.0,255,0,62973,255,1,61629
45135.0,255,0,62973,255,1,61676
45145.0,255,0,62973,255,1,61722
45155.0,255,0,62973,255,1,61769
45165.0,255,0,62973,255,1,61815
45175.0,255,0,62973,255,1,61860
45185.0,255,0,62973,255,1,61906
45195.0,255,0,62973,255,1,61951
45205.0,255,0,62973,255,1,61995
45215.0,255,0,62973,255,1,62040
45225.0,255,0,62973,255,1,62084
45235.0,255,0,62973,255,1,62128
45245.0,255,0,62973,255,1,62171
45255.0,255,0,62973,255,1,62214
45265.0,255,0,62973,255,1,62257
45275.0,255,0,62973,255,1,62300
45285.0,255,0,62973,255,1,62342
45295.0,255,0,62973,255,1,62384
45305.0,255,0,62973,255,1,62426
45315.0,255,0,62973,255,1,62467
45325.0,255,0,62973,255,1,62508
45335.0,255,0,62973,255,1,62549
45345.0,255,0,62973,255,1,62589
45355.0,254,0,62973,255,1,62629
45365.0,254,0,62973,255,1,62669
45375.0,254,0,62973,255,1,62708
45385.0,254,0,62973,255,1,62747
45395.0,254,0,62973,255,1,62786
45405.0,254,0,62973,255,1,62825
45415.0,254,0,62973,255,1,62863
45425.0,254,0,62973,255,1,62901
45435.0,254,0,62973,255,1,62938
45445.0,254,0,62973,255,1,62976
45455.0,254,0,62973,255,1,63013
45465.0,254,0,62973,255,1,63049
45475.0,254,0,62973,255,1,63086
45485.0,254,0,62973,255,1,63122
45495.0,254,1,64680,255,1,63157
45505.0,254,0,64680,254,1,63193
45515.0,254,0,64680,254,1,63228
45525.0,254,0,64680,254,1,63262
45535.0,254,0,64680,254,1,63297
45545.0,254,0,64680,254,1,63331
45555.0,253,0,64680,254,1,63365
45565.0,253,0,64680,254,1,63398
45575.0,253,0,64680,254,1,63431
45585.0,253,0,64680,254,1,63464
45595.0,253,0,64680,254,1,63497
45605.0,253,0,64680,254,1,63529
45615.0,253,0,64680,254,1,63561
45625.0,253,0,64680,254,1,63593
45635.0,253,0,64680,254,1,63624
45645.0,253,0,64680,254,1,63655
45655.0,253,0,64680,254,1,63686
45665.0,253,0,64680,254,1,63716
45675.0,253,0,64680,254,1,63746
45685.0,253,0,64680,254,1,63776
45695.0,253,0,64680,254,1,63805
45705.0,252,0,64680,254,1,63834
45715.0,252,0,64680,254,1,63863
45725.0,252,0,64680,254,1,63892
45735.0,252,0,64680,254,1,63920
45745.0,252,0,64680,254,1,63948
45755.0,252,0,64680,254,1,63975
45765.0,252,0,64680,254,1,64003
45775.0,252,0,64680,254,1,64030
45785.0,252,0,64680,254,1,64056
45795.0,252,0,64680,254,1,64083
45805.0,252,0,64680,254,1,64109
45815.0,251,0,64680,254,1,64134
45825.0,251,0,64680,254,1,64160
45835.0,251,0,64680,254,1,64185
45845.0,251,0,64680,254,1,64209
45855.0,251,0,64680,254,1,64234
45865.0,251,0,64680,254,1,64258
45875.0,251,0,64680,254,1,64282
45885.0,251,0,64680,254,1,64305
45895.0,251,0,64680,254,1,64328
45905.0,251,0,64680,254,1,64351
45915.0,250,0,64680,254,1,64374
45925.0,250,0,64680,254,1,64396
45935.0,250,0,64680,254,1,64418
45945.0,250,0,64680,254,1,64440
45955.0,250,0,64680,254,1,64461
45965.0,250,0,64680,254,1,64482
45975.0,250,0,64680,254,1,64503
45985.0,250,0,64680,254,1,64523
45995.0,250,0,64680,254,1,64543
46005.0,250,0,64680,254,1,64563
46015.0,249,0,64680,254,1,64582
46025.0,249,0,64680,254,1,64601
46035.0,249,0,64680,254,1,64620
46045.0,249,0,64680,254,1,64639
46055.0,249,0,64680,254,1,64657
46065.0,249,0,64680,254,1,64675
46075.0,249,0,64680,254,1,64692
46085.0,249,0,64680,254,1,64710
46095.0,248,0,64680,254,1,64727
46105.0,248,0,64680,254,1,64743
46115.0,248,0,64680,254,1,64760
46125.0,248,0,64680,254,1,64776
46135.0,248,1,65108,254,1,64791
46145.0,248,0,65108,248,1,64807
46155.0,248,0,65108,248,1,64822
46165.0,247,0,65108,248,1,64836
46175.0,247,0,65108,248,1,64851
46185.0,247,0,65108,248,1,64865
46195.0,247,0,65108,248,1,64879
46205.0,247,0,65108,248,1,64892
46215.0,247,0,65108,248,1,64905
46225.0,247,0,65108,248,1,64918
46235.0,247,0,65108,248,1,64931
46245.0,246,0,65108,248,1,64943
46255.0,246,0,65108,248,1,64955
46265.0,246,0,65108,248,1,64967
46275.0,246,0,65108,248,1,64978
46285.0,246,0,65108,248,1,64989
46295.0,246,0,65108,248,1,65000
46305.0,245,0,65108,248,1,65010
46315.0,245,0,65108,248,1,65020
46325.0,245,0,65108,248,1,65030
46335.0,245,0,65108,248,1,65039
46345.0,245,0,65108,248,1,65048
46355.0,245,0,65108,248,1,65057
46365.0,245,0,65108,248,1,65066
46375.0,244,0,65108,248,1,65074
46385.0,244,0,65108,248,1,65082
46395.0,244,0,65108,248,1,65089
46405.0,244,0,65108,248,1,65097
46415.0,244,0,65108,248,1,65104
46425.0,244,0,65108,248,1,65110
46435.0,243,0,65108,248,1,65117
46445.0,243,0,65108,248,1,65123
46455.0,243,0,65108,248,1,65128
46465.0,243,0,65108,248,1,65134
46475.0,243,0,65108,248,1,65139
46485.0,243,0,65108,248,1,65143
46495.0,242,0,65108,248,1,65148
46505.0,242,0,65108,248,1,65152
46515.0,242,0,65108,248,1,65156
46525.0,242,0,65108,248,1,65159
46535.0,242,0,65108,248,1,65162
46545.0,242,0,65108,248,1,65165
46555.0,241,0,65108,248,1,65168
46565.0,241,0,65108,248,1,65170
46575.0,241,0,65108,248,1,65172
46585.0,241,0,65108,248,1,65174
46595.0,241,0,65108,248,1,65175
46605.0,240,0,65108,248,1,65176
46615.0,240,0,65108,248,1,65177
46625.0,240,0,65108,248,1,65177
46635.0,240,0,65108,248,1,65177
46645.0,240,0,65108,248,1,65177
46655.0,239,0,65108,248,1,65176
46665.0,239,0,65108,248,1,65175
46675.0,239,0,65108,248,1,65174
46685.0,239,0,65108,248,1,65173
46695.0,239,0,65108,248,1,65171
46705.0,239,0,65108,248,1,65169
46715.0,238,0,65108,248,1,65166
46725.0,238,0,65108,248,1,65164
46735.0,238,0,65108,248,1,65161
46745.0,238,0,65108,248,1,65157
46755.0,238,0,65108,248,1,65154
46765.0,237,0,65108,248,1,65150
46775.0,237,1,64210,248,1,65145
46785.0,237,0,64210,237,1,65141
46795.0,237,0,64210,237,1,65136
46805.0,236,0,64210,237,1,65130
46815.0,236,0,64210,237,1,65125
46825.0,236,0,64210,237,1,65119
46835.0,236,0,64210,237,1,65113
46845.0,236,0,64210,237,1,65106
46855.0,235,0,64210,237,1,65099
46865.0,235,0,64210,237,1,65092
46875.0,235,0,64210,237,1,65085
46885.0,235,0,64210,237,1,65077
46895.0,235,0,64210,237,1,65069
46905.0,234,0,64210,237,1,65061
46915.0,234,0,64210,237,1,65052
46925.0,234,0,64210,237,1,65043
46935.0,234,0,64210,237,1,65034
46945.0,233,0,64210,237,1,65024
46955.0,233,0,64210,237,1,65014
46965.0,233,0,64210,237,1,65004
46975.0,233,0,64210,237,1,64993
46985.0,233,0,64210,237,1,64982
46995.0,232,0,64210,237,1,64971
47005.0,232,0,64210,237,1,64960
47015.0,232,0,64210,237,1,64948
47025.0,232,0,64210,237,1,64936
47035.0,231,0,64210,237,1,64923
47045.0,231,0,64210,237,1,64911
47055.0,231,0,64210,237,1,64898
47065.0,231,0,64210,237,1,64884
47075.0,231,0,64210,237,1,64871
47085.0,230,0,64210,237,1,64857
47095.0,230,0,64210,237,1,64842
47105.0,230,0,64210,237,1,64828
47115.0,230,0,64210,237,1,64813
47125.0,229,0,64210,237,1,64797
47135.0,229,0,64210,237,1,64782
47145.0,229,0,64210,237,1,64766
47155.0,229,0,64210,237,1,64750
47165.0,228,0,64210,237,1,64733
47175.0,228,0,64210,237,1,64716
47185.0,228,0,64210,237,1,64699
47195.0,228,0,64210,237,1,64682
47205.0,227,0,64210,237,1,64664
47215.0,227,0,64210,237,1,64646
47225.0,227,0,64210,237,1,64628
47235.0,227,0,64210,237,1,64609
47245.0,226,0,64210,237,1,64590
47255.0,226,0,64210,237,1,64571
47265.0,226,0,64210,237,1,64551
47275.0,226,0,64210,237,1,64531
47285.0,225,0,64210,237,1,64511
47295.0,225,0,64210,237,1,64490
47305.0,225,0,64210,237,1,64469
47315.0,225,0,64210,237,1,64448
47325.0,224,0,64210,237,1,64427
47335.0,224,0,64210,237,1,64405
47345.0,224,0,64210,237,1,64383
47355.0,224,0,64210,237,1,64360
47365.0,223,0,64210,237,1,64338
47375.0,223,0,64210,237,1,64315
47385.0,223,0,64210,237,1,64291
47395.0,222,0,64210,237,1,64268
47405.0,222,0,64210,237,1,64244
47415.0,222,1,62059,237,1,64219
47425.0,222,0,62059,222,1,64195
47435.0,221,0,62059,222,1,64170
47445.0,221,0,62059,222,1,64144
47455.0,221,0,62059,222,1,64119
47465.0,221,0,62059,222,1,64093
47475.0,220,0,62059,222,1,64067
47485.0,220,0,62059,222,1,64040
47495.0,220,0,62059,222,1,64013
47505.0,219,0,62059,222,1,63986
47515.0,219,0,62059,222,1,63959
47525.0,219,0,62059,222,1,63931
47535.0,219,0,62059,222,1,63903
47545.0,218,0,62059,222,1,63875
47555.0,218,0,62059,222,1,63846
47565.0,218,0,62059,222,1,63817
47575.0,218,0,62059,222,1,63788
47585.0,217,0,62059,222,1,63758
47595.0,217,0,62059,222,1,63728
47605.0,217,0,62059,222,1,63698
47615.0,216,0,62059,222,1,63667
47625.0,216,0,62059,222,1,63636
47635.0,216,0,62059,222,1,63605
47645.0,216,0,62059,222,1,63574
47655.0,215,0,62059,222,1,63542
47665.0,215,0,62059,222,1,63510
47675.0,215,0,62059,222,1,63477
47685.0,214,0,62059,222,1,63445
47695.0,214,0,62059,222,1,63412
47705.0,214,0,62059,222,1,63378
47715.0,213,0,62059,222,1,63345
47725.0,213,0,62059,222,1,63311
47735.0,213,0,62059,222,1,63276
47745.0,213,0,62059,222,1,63242
47755.0,212,0,62059,222,1,63207
47765.0,212,0,62059,222,1,63171
47775.0,212,0,62059,222,1,63136
47785.0,211,0,62059,222,1,63100
47795.0,211,0,62059,222,1,63064
47805.0,211,0,62059,222,1,63027
47815.0,210,0,62059,222,1,62990
47825.0,210,0,62059,222,1,62953
47835.0,210,0,62059,222,1,62916
47845.0,210,0,62059,222,1,62878
47855.0,209,0,62059,222,1,62840
47865.0,209,0,62059,222,1,62802
47875.0,209,0,62059,222,1,62763
47885.0,208,0,62059,222,1,62724
47895.0,208,0,62059,222,1,62685
47905.0,208,0,62059,222,1,62645
47915.0,207,0,62059,222,1,62605
47925.0,207,0,62059,222,1,62565
47935.0,207,0,62059,222,1,62524
47945.0,206,0,62059,222,1,62483
47955.0,206,0,62059,222,1,62442
47965.0,206,0,62059,222,1,62401
47975.0,206,0,62059,222,1,62359
47985.0,205,0,62059,222,1,62317
47995.0,205,0,62059,222,1,62274
48005.0,205,0,62059,222,1,62232
48015.0,204,0,62059,222,1,62189
48025.0,204,0,62059,222,1,62145
48035.0,204,0,62059,222,1,62102
48045.0,203,0,62059,222,1,62058
48055.0,203,1,58729,222,1,62013
48065.0,203,0,58729,203,1,61969
48075.0,202,0,58729,203,1,61924
48085.0,202,0,58729,203,1,61879
48095.0,202,0,58729,203,1,61834
48105.0,201,0,58729,203,1,61788
48115.0,201,0,58729,203,1,61743
48125.0,201,0,58729,203,1,61697
48135.0,200,0,58729,203,1,61650
48145.0,200,0,58729,203,1,61604
48155.0,200,0,58729,203,1,61557
48165.0,199,0,58729,203,1,61510
48175.0,199,0,58729,203,1,61463
48185.0,199,0,58729,203,1,61415
48195.0,198,0,58729,203,1,61368
48205.0,198,0,58729,203,1,61320
48215.0,198,0,58729,203,1,61271
48225.0,197,0,58729,203,1,61223
48235.0,197,0,58729,203,1,61174
48245.0,197,0,58729,203,1,61125
48255.0,196,0,58729,203,1,61076
48265.0,196,0,58729,203,1,61026
48275.0,196,0,58729,203,1,60977
48285.0,195,0,58729,203,1,60927
48295.0,195,0,58729,203,1,60876
48305.0,195,0,58729,203,1,60826
48315.0,194,0,58729,203,1,60775
48325.0,194,0,58729,203,1,60724
48335.0,194,0,58729,203,1,60673
48345.0,193,0,58729,203,1,60621
48355.0,193,0,58729,203,1,60570
48365.0,193,0,58729,203,1,60518
48375.0,192,0,58729,203,1,60465
48385.0,192,0,58729,203,1,60413
48395.0,192,0,58729,203,1,60360
48405.0,191,0,58729,203,1,60307
48415.0,191,0,58729,203,1,60254
48425.0,191,0,58729,203,1,60200
48435.0,190,0,58729,203,1,60147
48445.0,190,0,58729,203,1,60093
48455.0,190,0,58729,203,1,60038
48465.0,189,0,58729,203,1,59984
48475.0,189,0,58729,203,1,59929
48485.0,188,0,58729,203,1,59874
48495.0,188,0,58729,203,1,59819
48505.0,188,0,58729,203,1,59763
48515.0,187,0,58729,203,1,59708
48525.0,187,0,58729,203,1,59652
48535.0,187,0,58729,203,1,59595
48545.0,186,0,58729,203,1,59539
48555.0,186,0,58729,203,1,59482
48565.0,186,0,58729,203,1,59425
48575.0,185,0,58729,203,1,59368
48585.0,185,0,58729,203,1,59310
48595.0,185,0,58729,203,1,59253
48605.0,184,0,58729,203,1,59195
48615.0,184,0,58729,203,1,59136
48625.0,184,0,58729,203,1,59078
48635.0,183,0,58729,203,1,59019
48645.0,183,0,58729,203,1,58960
48655.0,182,0,58729,203,1,58901
48665.0,182,0,58729,203,1,58841
48675.0,182,0,58729,203,1,58782
48685.0,181,0,58729,203,1,58722
48695.0,181,1,54350,203,1,58661
48705.0,181,0,54350,181,1,58601
48715.0,180,0,54350,181,1,58540
48725.0,180,0,54350,181,1,58479
48735.0,180,0,54350,181,1,58418
48745.0,179,0,54350,181,1,58356
48755.0,179,0,54350,181,1,58295
48765.0,178,0,54350,181,1,58233
48775.0,178,0,54350,181,1,58170
48785.0,178,0,54350,181,1,58108
48795.0,177,0,54350,181,1,58045
48805.0,177,0,54350,181,1,57982
48815.0,177,0,54350,181,1,57919
48825.0,176,0,54350,181,1,57855
48835.0,176,0,54350,181,1,57792
48845.0,175,0,54350,181,1,57728
48855.0,175,0,54350,181,1,57663
48865.0,175,0,54350,181,1,57599
48875.0,174,0,54350,181,1,57534
48885.0,174,0,54350,181,1,57469
48895.0,174,0,54350,181,1,57404
48905.0,173,0,54350,181,1,57338
48915.0,173,0,54350,181,1,57273
48925.0,173,0,54350,181,1,57207
48935.0,172,0,54350,181,1,57140
48945.0,172,0,54350,181,1,57074
48955.0,171,0,54350,181,1,57007
48965.0,171,0,54350,181,1,56940
48975.0,171,0,54350,181,1,56873
48985.0,170,0,54350,181,1,56805
48995.0,170,0,54350,181,1,56738
49005.0,170,0,54350,181,1,56670
49015.0,169,0,54350,181,1,56601
49025.0,169,0,54350,181,1,56533
49035.0,168,0,54350,181,1,56464
49045.0,168,0,54350,181,1,56395
49055.0,168,0,54350,181,1,56326
49065.0,167,0,54350,181,1,56256
49075.0,167,0,54350,181,1,56187
49085.0,166,0,54350,181,1,56117
49095.0,166,0,54350,181,1,56046
49105.0,166,0,54350,181,1,55976
49115.0,165,0,54350,181,1,55905
49125.0,165,0,54350,181,1,55834
49135.0,165,0,54350,181,1,55763
49145.0,164,0,54350,181,1,55691
49155.0,164,0,54350,181,1,55620
49165.0,163,0,54350,181,1,55548
49175.0,163,0,54350,181,1,55475
49185.0,163,0,54350,181,1,55403
49195.0,162,0,54350,181,1,55330
49205.0,162,0,54350,181,1,55257
49215.0,162,0,54350,181,1,55184
49225.0,161,0,54350,181,1,55110
49235.0,161,0,54350,181,1,55037
49245.0,160,0,54350,181,1,54963
49255.0,160,0,54350,181,1,54888
49265.0,160,0,54350,181,1,54814
49275.0,159,0,54350,181,1,54739
49285.0,159,0,54350,181,1,54664
49295.0,158,0,54350,181,1,54589
49305.0,158,0,54350,181,1,54513
49315.0,158,0,54350,181,1,54438
49325.0,157,0,54350,181,1,54362
49335.0,157,1,49102,181,1,54285
49345.0,156,0,49102,156,1,54209
49355.0,156,0,49102,156,1,54132
49365.0,156,0,49102,156,1,54056
49375.0,155,0,49102,156,1,53979
49385.0,155,0,49102,156,1,53902
49395.0,155,0,49102,156,1,53824
49405.0,154,0,49102,156,1,53747
49415.0,154,0,49102,156,1,53669
49425.0,153,0,49102,156,1,53591
49435.0,153,0,49102,156,1,53513
49445.0,153,0,49102,156,1,53435
49455.0,152,0,49102,156,1,53356
49465.0,152,0,49102,156,1,53278
49475.0,151,0,49102,156,1,53199
49485.0,151,0,49102,156,1,53120
49495.0,151,0,49102,156,1,53041
49505.0,150,0,49102,156,1,52961
49515.0,150,0,49102,156,1,52882
49525.0,149,0,49102,156,1,52802
49535.0,149,0,49102,156,1,52722
49545.0,149,0,49102,156,1,52642
49555.0,148,0,49102,156,1,52562
49565.0,148,0,49102,156,1,52481
49575.0,147,0,49102,156,1,52401
49585.0,147,0,49102,156,1,52320
49595.0,147,0,49102,156,1,52239
49605.0,146,0,49102,156,1,52157
49615.0,146,0,49102,156,1,52076
49625.0,145,0,49102,156,1,51994
49635.0,145,0,49102,156,1,51913
49645.0,145,0,49102,156,1,51831
49655.0,144,0,49102,156,1,51748
49665.0,144,0,49102,156,1,51666
49675.0,144,0,49102,156,1,51583
49685.0,143,0,49102,156,1,51501
49695.0,143,0,49102,156,1,51418
49705.0,142,0,49102,156,1,51335
49715.0,142,0,49102,156,1,51251
49725.0,142,0,49102,156,1,51168
49735.0,141,0,49102,156,1,51084
49745.0,141,0,49102,156,1,51000
49755.0,140,0,49102,156,1,50916
49765.0,140,0,49102,156,1,50832
49775.0,140,0,49102,156,1,50747
49785.0,139,0,49102,156,1,50663
49795.0,139,0,49102,156,1,50578
49805.0,138,0,49102,156,1,50493
49815.0,138,0,49102,156,1,50408
49825.0,138,0,49102,156,1,50322
49835.0,137,0,49102,156,1,50237
49845.0,137,0,49102,156,1,50151
49855.0,136,0,49102,156,1,50065
49865.0,136,0,49102,156,1,49979
49875.0,136,0,49102,156,1,49893
49885.0,135,0,49102,156,1,49806
49895.0,135,0,49102,156,1,49720
49905.0,134,0,49102,156,1,49633
49915.0,134,0,49102,156,1,49546
49925.0,134,0,49102,156,1,49458
49935.0,133,0,49102,156,1,49371
49945.0,133,0,49102,156,1,49283
49955.0,132,0,49102,156,1,49196
49965.0,132,0,49102,156,1,49108
49975.0,132,1,43198,156,1,49019
49985.0,131,0,43198,131,1,48931
49995.0,131,0,43198,131,1,48842
50005.0,130,0,43198,131,1,48754
50015.0,130,0,43198,131,1,48665
50025.0,130,0,43198,131,1,48576
50035.0,129,0,43198,131,1,48486
50045.0,129,0,43198,131,1,48397
50055.0,128,0,43198,131,1,48307
50065.0,128,0,43198,131,1,48217
50075.0,128,0,43198,131,1,48127
50085.0,127,0,43198,131,1,48037
50095.0,127,0,43198,131,1,47946
50105.0,126,0,43198,131,1,47856
50115.0,126,0,43198,131,1,47765
50125.0,126,0,43198,131,1,47674
50135.0,125,0,43198,131,1,47583
50145.0,125,0,43198,131,1,47491
50155.0,124,0,43198,131,1,47400
50165.0,124,0,43198,131,1,47308
50175.0,124,0,43198,131,1,47216
50185.0,123,0,43198,131,1,47124
50195.0,123,0,43198,131,1,47032
50205.0,122,0,43198,131,1,46939
50215.0,122,0,43198,131,1,46847
50225.0,122,0,43198,131,1,46754
50235.0,121,0,43198,131,1,46661
50245.0,121,0,43198,131,1,46567
50255.0,120,0,43198,131,1,46474
50265.0,120,0,43198,131,1,46380
50275.0,120,0,43198,131,1,46287
50285.0,119,0,43198,131,1,46193
50295.0,119,0,43198,131,1,46098
50305.0,118,0,43198,131,1,46004
50315.0,118,0,43198,131,1,45909
50325.0,118,0,43198,131,1,45815
50335.0,117,0,43198,131,1,45720
50345.0,117,0,43198,131,1,45625
50355.0,116,0,43198,131,1,45529
50365.0,116,0,43198,131,1,45434
50375.0,116,0,43198,131,1,45338
50385.0,115,0,43198,131,1,45242
50395.0,115,0,43198,131,1,45146
50405.0,114,0,43198,131,1,45050
50415.0,114,0,43198,131,1,44953
50425.0,114,0,43198,131,1,44857
50435.0,113,0,43198,131,1,44760
50445.0,113,0,43198,131,1,44663
50455.0,112,0,43198,131,1,44566
50465.0,112,0,43198,131,1,44468
50475.0,112,0,43198,131,1,44371
50485.0,111,0,43198,131,1,44273
50495.0,111,0,43198,131,1,44175
50505.0,111,0,43198,131,1,44077
50515.0,110,0,43198,131,1,43979
50525.0,110,0,43198,131,1,43880
50535.0,109,0,43198,131,1,43782
50545.0,109,0,43198,131,1,43683
50555.0,109,0,43198,131,1,43584
50565.0,108,0,43198,131,1,43484
50575.0,108,0,43198,131,1,43385
50585.0,107,0,43198,131,1,43285
50595.0,107,0,43198,131,1,43186
50605.0,107,0,43198,131,1,43086
50615.0,106,1,36873,131,1,42986
50625.0,106,0,36873,106,1,42886
50635.0,105,0,36873,106,1,42786
50645.0,105,0,36873,106,1,42686
50655.0,105,0,36873,106,1,42586
50665.0,104,0,36873,106,1,42486
50675.0,104,0,36873,106,1,42386
50685.0,103,0,36873,106,1,42286
50695.0,103,0,36873,106,1,42186
50705.0,103,0,36873,106,1,42086
50715.0,102,0,36873,106,1,41986
50725.0,102,0,36873,106,1,41886
50735.0,101,0,36873,106,1,41786
50745.0,101,0,36873,106,1,41686
50755.0,101,0,36873,106,1,41586
50765.0,100,0,36873,106,1,41486
50775.0,100,0,36873,106,1,41386
50785.0,100,0,36873,106,1,41286
50795.0,99,0,36873,106,1,41186
50805.0,99,0,36873,106,1,41086
50815.0,98,0,36873,106,1,40986
50825.0,98,0,36873,106,1,40886
50835.0,98,0,36873,106,1,40786
50845.0,97,0,36873,106,1,40686
50855.0,97,0,36873,106,1,40586
50865.0,96,0,36873,106,1,40486
50875.0,96,0,36873,106,1,40386
50885.0,96,0,36873,106,1,40286
50895.0,95,0,36873,106,1,40186
50905.0,95,0,36873,106,1,40086
50915.0,94,0,36873,106,1,39986
50925.0,94,0,36873,106,1,39886
50935.0,94,0,36873,106,1,39786
50945.0,93,0,36873,106,1,39686
50955.0,93,0,36873,106,1,39586
50965.0,93,0,36873,106,1,39486
50975.0,92,0,36873,106,1,39386
50985.0,92,0,36873,106,1,39286
50995.0,91,0,36873,106,1,39186
51005.0,91,0,36873,106,1,39086
51015.0,91,0,36873,106,1,38986
51025.0,90,0,36873,106,1,38886
51035.0,90,0,36873,106,1,38786
51045.0,90,0,36873,106,1,38686
51055.0,89,0,36873,106,1,38586
51065.0,89,0,36873,106,1,38486
51075.0,88,0,36873,106,1,38386
51085.0,88,0,36873,106,1,38286
51095.0,88,0,36873,106,1,38186
51105.0,87,0,36873,106,1,38086
51115.0,87,0,36873,106,1,37986
51125.0,86,0,36873,106,1,37886
51135.0,86,0,36873,106,1,37786
51145.0,86,0,36873,106,1,37686
51155.0,85,0,36873,106,1,37586
51165.0,85,0,36873,106,1,37486
51175.0,85,0,36873,106,1,37386
51185.0,84,0,36873,106,1,37286
51195.0,84,0,36873,106,1,37186
51205.0,83,0,36873,106,1,37086
51215.0,83,0,36873,106,1,36986
51225.0,83,0,36873,106,1,36886
51235.0,82,0,36873,106,1,36786
51245.0,82,0,36873,106,1,36686
51255.0,82,1,30381,106,1,36586
51265.0,81,0,30381,81,1,36486
51275.0,81,0,30381,81,1,36386
51285.0,81,0,30381,81,1,36286
51295.0,80,0,30381,81,1,36186
51305.0,80,0,30381,81,1,36086
51315.0,79,0,30381,81,1,35986
51325.0,79,0,30381,81,1,35886
51335.0,79,0,30381,81,1,35786
51345.0,78,0,30381,81,1,35686
51355.0,78,0,30381,81,1,35586
51365.0,78,0,30381,81,1,35486
51375.0,77,0,30381,81,1,35386
51385.0,77,0,30381,81,1,35286
51395.0,76,0,30381,81,1,35186
51405.0,76,0,30381,81,1,35086
51415.0,76,0,30381,81,1,34986
51425.0,75,0,30381,81,1,34886
51435.0,75,0,30381,81,1,34786
51445.0,75,0,30381,81,1,34686
51455.0,74,0,30381,81,1,34586
51465.0,74,0,30381,81,1,34486
51475.0,74,0,30381,81,1,34386
51485.0,73,0,30381,81,1,34286
51495.0,73,0,30381,81,1,34186
51505.0,72,0,30381,81,1,34086
51515.0,72,0,30381,81,1,33986
51525.0,72,0,30381,81,1,33886
51535.0,71,0,30381,81,1,33786
51545.0,71,0,30381,81,1,33686
51555.0,71,0,30381,81,1,33586
51565.0,70,0,30381,81,1,33486
51575.0,70,0,30381,81,1,33386
51585.0,70,0,30381,81,1,33286
51595.0,69,0,30381,81,1,33186
51605.0,69,0,30381,81,1,33086
51615.0,69,0,30381,81,1,32986
51625.0,68,0,30381,81,1,32886
51635.0,68,0,30381,81,1,32786
51645.0,68,0,30381,81,1,32686
51655.0,67,0,30381,81,1,32586
51665.0,67,0,30381,81,1,32486
51675.0,66,0,30381,81,1,32386
51685.0,66,0,30381,81,1,32286
51695.0,66,0,30381,81,1,32186
51705.0,65,0,30381,81,1,32086
51715.0,65,0,30381,81,1,31986
51725.0,65,0,30381,81,1,31886
51735.0,64,0,30381,81,1,31786
51745.0,64,0,30381,81,1,31686
51755.0,64,0,30381,81,1,31586
51765.0,63,0,30381,81,1,31486
51775.0,63,0,30381,81,1,31386
51785.0,63,0,30381,81,1,31286
51795.0,62,0,30381,81,1,31186
51805.0,62,0,30381,81,1,31086
51815.0,62,0,30381,81,1,30986
51825.0,61,0,30381,81,1,30886
51835.0,61,0,30381,81,1,30786
51845.0,61,0,30381,81,1,30686
51855.0,60,0,30381,81,1,30586
51865.0,60,0,30381,81,1,30486
51875.0,60,0,30381,81,1,30386
51885.0,59,0,30381,81,1,30286
51895.0,59,1,23986,81,1,30186
51905.0,59,0,23986,59,1,30086
51915.0,58,0,23986,59,1,29986
51925.0,58,0,23986,59,1,29886
51935.0,58,0,23986,59,1,29786
51945.0,57,0,23986,59,1,29686
51955.0,57,0,23986,59,1,29586
51965.0,57,0,23986,59,1,29486
51975.0,56,0,23986,59,1,29386
51985.0,56,0,23986,59,1,29286
51995.0,56,0,23986,59,1,29186
52005.0,55,0,23986,59,1,29086
52015.0,55,0,23986,59,1,28986
52025.0,55,0,23986,59,1,28886
52035.0,54,0,23986,59,1,28786
52045.0,54,0,23986,59,1,28686
52055.0,54,0,23986,59,1,28586
52065.0,53,0,23986,59,1,28486
52075.0,53,0,23986,59,1,28386
52085.0,53,0,23986,59,1,28286
52095.0,52,0,23986,59,1,28186
52105.0,52,0,23986,59,1,28086
52115.0,52,0,23986,59,1,27986
52125.0,51,0,23986,59,1,27886
52135.0,51,0,23986,59,1,27786
52145.0,51,0,23986,59,1,27686
52155.0,50,0,23986,59,1,27586
52165.0,50,0,23986,59,1,27486
52175.0,50,0,23986,59,1,27386
52185.0,50,0,23986,59,1,27286
52195.0,49,0,23986,59,1,27186
52205.0,49,0,23986,59,1,27086
52215.0,49,0,23986,59,1,26986
52225.0,48,0,23986,59,1,26886
52235.0,48,0,23986,59,1,26786
52245.0,48,0,23986,59,1,26686
52255.0,47,0,23986,59,1,26586
52265.0,47,0,23986,59,1,26486
52275.0,47,0,23986,59,1,26386
52285.0,46,0,23986,59,1,26286
52295.0,46,0,23986,59,1,26186
52305.0,46,0,23986,59,1,26086
52315.0,46,0,23986,59,1,25986
52325.0,45,0,23986,59,1,25886
52335.0,45,0,23986,59,1,25786
52345.0,45,0,23986,59,1,25686
52355.0,44,0,23986,59,1,25586
52365.0,44,0,23986,59,1,25486
52375.0,44,0,23986,59,1,25386
52385.0,43,0,23986,59,1,25286
52395.0,43,0,23986,59,1,25186
52405.0,43,0,23986,59,1,25086
52415.0,43,0,23986,59,1,24986
52425.0,42,0,23986,59,1,24886
52435.0,42,0,23986,59,1,24786
52445.0,42,0,23986,59,1,24686
52455.0,41,0,23986,59,1,24586
52465.0,41,0,23986,59,1,24486
52475.0,41,0,23986,59,1,24386
52485.0,40,0,23986,59,1,24286
52495.0,40,0,23986,59,1,24186
52505.0,40,0,23986,59,1,24086
52515.0,40,0,23986,59,1,23986
52525.0,39,0,23986,59,1,23886
52535.0,39,1,17946,59,1,23786
52545.0,39,0,17946,39,1,23686
52555.0,38,0,17946,39,1,23587
52565.0,38,0,17946,39,1,23487
52575.0,38,0,17946,39,1,23388
52585.0,38,0,17946,39,1,23289
52595.0,37,0,17946,39,1,23191
52605.0,37,0,17946,39,1,23092
52615.0,37,0,17946,39,1,22994
52625.0,37,0,17946,39,1,22896
52635.0,36,0,17946,39,1,22798
52645.0,36,0,17946,39,1,22700
52655.0,36,0,17946,39,1,22603
52665.0,35,0,17946,39,1,22505
52675.0,35,0,17946,39,1,22408
52685.0,35,0,17946,39,1,22311
52695.0,35,0,17946,39,1,22214
52705.0,34,0,17946,39,1,22118
52715.0,34,0,17946,39,1,22021
52725.0,34,0,17946,39,1,21925
52735.0,34,0,17946,39,1,21829
52745.0,33,0,17946,39,1,21733
52755.0,33,0,17946,39,1,21637
52765.0,33,0,17946,39,1,21542
52775.0,32,0,17946,39,1,21446
52785.0,32,0,17946,39,1,21351
52795.0,32,0,17946,39,1,21256
52805.0,32,0,17946,39,1,21162
52815.0,31,0,17946,39,1,21067
52825.0,31,0,17946,39,1,20973
52835.0,31,0,17946,39,1,20879
52845.0,31,0,17946,39,1,20785
52855.0,30,0,17946,39,1,20691
52865.0,30,0,17946,39,1,20597
52875.0,30,0,17946,39,1,20504
52885.0,30,0,17946,39,1,20410
52895.0,29,0,17946,39,1,20317
52905.0,29,0,17946,39,1,20224
52915.0,29,0,17946,39,1,20132
52925.0,29,0,17946,39,1,20039
52935.0,28,0,17946,39,1,19947
52945.0,28,0,17946,39,1,19855
52955.0,28,0,17946,39,1,19763
52965.0,28,0,17946,39,1,19671
52975.0,27,0,17946,39,1,19580
52985.0,27,0,17946,39,1,19488
52995.0,27,0,17946,39,1,19397
53005.0,27,0,17946,39,1,19306
53015.0,26,0,17946,39,1,19215
53025.0,26,0,17946,39,1,19125
53035.0,26,0,17946,39,1,19034
53045.0,26,0,17946,39,1,18944
53055.0,25,0,17946,39,1,18854
53065.0,25,0,17946,39,1,18764
53075.0,25,0,17946,39,1,18674
53085.0,25,0,17946,39,1,18585
53095.0,25,0,17946,39,1,18495
53105.0,24,0,17946,39,1,18406
53115.0,24,0,17946,39,1,18317
53125.0,24,0,17946,39,1,18229
53135.0,24,0,17946,39,1,18140
53145.0,23,0,17946,39,1,18052
53155.0,23,0,17946,39,1,17964
53165.0,23,0,17946,39,1,17876
53175.0,23,1,12503,39,1,17788
53185.0,23,0,12503,23,1,17700
53195.0,22,0,12503,23,1,17612
53205.0,22,0,12503,23,1,17525
53215.0,22,0,12503,23,1,17437
53225.0,22,0,12503,23,1,17350
53235.0,21,0,12503,23,1,17263
53245.0,21,0,12503,23,1,17176
53255.0,21,0,12503,23,1,17089
53265.0,21,0,12503,23,1,17002
53275.0,21,0,12503,23,1,16916
53285.0,20,0,12503,23,1,16829
53295.0,20,0,12503,23,1,16743
53305.0,20,0,12503,23,1,16657
53315.0,20,0,12503,23,1,16571
53325.0,20,0,12503,23,1,16485
53335.0,19,0,12503,23,1,16399
53345.0,19,0,12503,23,1,16313
53355.0,19,0,12503,23,1,16227
53365.0,19,0,12503,23,1,16142
53375.0,18,0,12503,23,1,16056
53385.0,18,0,12503,23,1,15971
53395.0,18,0,12503,23,1,15886
53405.0,18,0,12503,23,1,15801
53415.0,18,0,12503,23,1,15716
53425.0,17,0,12503,23,1,15631
53435.0,17,0,12503,23,1,15547
53445.0,17,0,12503,23,1,15462
53455.0,17,0,12503,23,1,15378
53465.0,17,0,12503,23,1,15294
53475.0,17,0,12503,23,1,15210
53485.0,16,0,12503,23,1,15126
53495.0,16,0,12503,23,1,15042
53505.0,16,0,12503,23,1,14958
53515.0,16,0,12503,23,1,14874
53525.0,16,0,12503,23,1,14791
53535.0,15,0,12503,23,1,14707
53545.0,15,0,12503,23,1,14624
53555.0,15,0,12503,23,1,14541
53565.0,15,0,12503,23,1,14458
53575.0,15,0,12503,23,1,14375
53585.0,14,0,12503,23,1,14292
53595.0,14,0,12503,23,1,14210
53605.0,14,0,12503,23,1,14127
53615.0,14,0,12503,23,1,14045
53625.0,14,0,12503,23,1,13963
53635.0,14,0,12503,23,1,13881
53645.0,13,0,12503,23,1,13799
53655.0,13,0,12503,23,1,13717
53665.0,13,0,12503,23,1,13635
53675.0,13,0,12503,23,1,13553
53685.0,13,0,12503,23,1,13472
53695.0,13,0,12503,23,1,13390
53705.0,12,0,12503,23,1,13309
53715.0,12,0,12503,23,1,13228
53725.0,12,0,12503,23,1,13147
53735.0,12,0,12503,23,1,13066
53745.0,12,0,12503,23,1,12985
53755.0,12,0,12503,23,1,12905
53765.0,11,0,12503,23,1,12824
53775.0,11,0,12503,23,1,12744
53785.0,11,0,12503,23,1,12664
53795.0,11,0,12503,23,1,12584
53805.0,11,0,12503,23,1,12504
53815.0,11,1,7873,23,1,12424
53825.0,11,0,7873,11,1,12344
53835.0,10,0,7873,11,1,12265
53845.0,10,0,7873,11,1,12186
53855.0,10,0,7873,11,1,12107
53865.0,10,0,7873,11,1,12029
53875.0,10,0,7873,11,1,11951
53885.0,10,0,7873,11,1,11873
53895.0,9,0,7873,11,1,11795
53905.0,9,0,7873,11,1,11717
53915.0,9,0,7873,11,1,11640
53925.0,9,0,7873,11,1,11563
53935.0,9,0,7873,11,1,11486
53945.0,9,0,7873,11,1,11410
53955.0,9,0,7873,11,1,11334
53965.0,9,0,7873,11,1,11258
53975.0,8,0,7873,11,1,11182
53985.0,8,0,7873,11,1,11106
53995.0,8,0,7873,11,1,11031
54005.0,8,0,7873,11,1,10956
54015.0,8,0,7873,11,1,10881
54025.0,8,0,7873,11,1,10807
54035.0,8,0,7873,11,1,10733
54045.0,7,0,7873,11,1,10659
54055.0,7,0,7873,11,1,10585
54065.0,7,0,7873,11,1,10511
54075.0,7,0,7873,11,1,10438
54085.0,7,0,7873,11,1,10365
54095.0,7,0,7873,11,1,10292
54105.0,7,0,7873,11,1,10220
54115.0,7,0,7873,11,1,10148
54125.0,6,0,7873,11,1,10076
54135.0,6,0,7873,11,1,10004
54145.0,6,0,7873,11,1,9932
54155.0,6,0,7873,11,1,9861
54165.0,6,0,7873,11,1,9790
54175.0,6,0,7873,11,1,9719
54185.0,6,0,7873,11,1,9649
54195.0,6,0,7873,11,1,9579
54205.0,6,0,7873,11,1,9509
54215.0,6,0,7873,11,1,9439
54225.0,5,0,7873,11,1,9369
54235.0,5,0,7873,11,1,9300
54245.0,5,0,7873,11,1,9231
54255.0,5,0,7873,11,1,9162
54265.0,5,0,7873,11,1,9094
54275.0,5,0,7873,11,1,9026
54285.0,5,0,7873,11,1,8958
54295.0,5,0,7873,11,1,8890
54305.0,5,0,7873,11,1,8822
54315.0,5,0,7873,11,1,8755
54325.0,4,0,7873,11,1,8688
54335.0,4,0,7873,11,1,8621
54345.0,4,0,7873,11,1,8555
54355.0,4,0,7873,11,1,8489
54365.0,4,0,7873,11,1,8423
54375.0,4,0,7873,11,1,8357
54385.0,4,0,7873,11,1,8291
54395.0,4,0,7873,11,1,8226
54405.0,4,0,7873,11,1,8161
54415.0,4,0,7873,11,1,8096
54425.0,4,0,7873,11,1,8032
54435.0,3,0,7873,11,1,7968
54445.0,3,0,7873,11,1,7904
54455.0,3,1,4250,11,1,7840
54465.0,3,0,4250,3,1,7776
54475.0,3,0,4250,3,1,7713
54485.0,3,0,4250,3,1,7650
54495.0,3,0,4250,3,1,7587
54505.0,3,0,4250,3,1,7525
54515.0,3,0,4250,3,1,7463
54525.0,3,0,4250,3,1,7401
54535.0,3,0,4250,3,1,7339
54545.0,3,0,4250,3,1,7277
54555.0,3,0,4250,3,1,7216
54565.0,3,0,4250,3,1,7155
54575.0,3,0,4250,3,1,7094
54585.0,2,0,4250,3,1,7034
54595.0,2,0,4250,3,1,6974
54605.0,2,0,4250,3,1,6914
54615.0,2,0,4250,3,1,6854
54625.0,2,0,4250,3,1,6794
54635.0,2,0,4250,3,1,6735
54645.0,2,0,4250,3,1,6676
54655.0,2,0,4250,3,1,6617
54665.0,2,0,4250,3,1,6559
54675.0,2,0,4250,3,1,6501
54685.0,2,0,4250,3,1,6443
54695.0,2,0,4250,3,1,6385
54705.0,2,0,4250,3,1,6327
54715.0,2,0,4250,3,1,6270
54725.0,2,0,4250,3,1,6213
54735.0,2,0,4250,3,1,6156
54745.0,2,0,4250,3,1,6100
54755.0,2,0,4250,3,1,6044
54765.0,2,0,4250,3,1,5988
54775.0,2,0,4250,3,1,5932
54785.0,1,0,4250,3,1,5876
54795.0,1,0,4250,3,1,5821
54805.0,1,0,4250,3,1,5766
54815.0,1,0,4250,3,1,5711
54825.0,1,0,4250,3,1,5657
54835.0,1,0,4250,3,1,5603
54845.0,1,0,4250,3,1,5549
54855.0,1,0,4250,3,1,5495
54865.0,1,0,4250,3,1,5441
54875.0,1,0,4250,3,1,5388
54885.0,1,0,4250,3,1,5335
54895.0,1,0,4250,3,1,5282
54905.0,1,0,4250,3,1,5230
54915.0,1,0,4250,3,1,5178
54925.0,1,0,4250,3,1,5126
54935.0,1,0,4250,3,1,5074
54945.0,1,0,4250,3,1,5022
54955.0,1,0,4250,3,1,4971
54965.0,1,0,4250,3,1,4920
54975.0,1,0,4250,3,1,4869
54985.0,1,0,4250,3,1,4819
54995.0,1,0,4250,3,1,4769
55005.0,1,0,4250,3,1,4719
55015.0,1,0,4250,3,1,4669
55025.0,1,0,4250,3,1,4619
55035.0,1,0,4250,3,1,4570
55045.0,1,0,4250,3,1,4521
55055.0,1,0,4250,3,1,4472
55065.0,1,0,4250,3,1,4424
55075.0,1,0,4250,3,1,4376
55085.0,1,0,4250,3,1,4328
55095.0,1,1,1776,3,1,4280
55105.0,1,0,1776,1,1,4232
55115.0,1,0,1776,1,1,4185
55125.0,1,0,1776,1,1,4138
55135.0,1,0,1776,1,1,4091
55145.0,1,0,1776,1,1,4045
55155.0,1,0,1776,1,1,3999
55165.0,1,0,1776,1,1,3953
55175.0,1,0,1776,1,1,3907
55185.0,1,0,1776,1,1,3861
55195.0,1,0,1776,1,1,3816
55205.0,1,0,1776,1,1,3771
55215.0,1,0,1776,1,1,3726
55225.0,1,0,1776,1,1,3682
55235.0,1,0,1776,1,1,3638
55245.0,1,0,1776,1,1,3594
55255.0,1,0,1776,1,1,3550
55265.0,1,0,1776,1,1,3506
55275.0,1,0,1776,1,1,3463
55285.0,1,0,1776,1,1,3420
55295.0,1,0,1776,1,1,3377
55305.0,1,0,1776,1,1,3335
55315.0,1,0,1776,1,1,3293
55325.0,1,0,1776,1,1,3251
55335.0,1,0,1776,1,1,3209
55345.0,1,0,1776,1,1,3167
55355.0,2,0,1776,1,1,3126
55365.0,2,0,1776,1,1,3085
55375.0,2,0,1776,1,1,3044
55385.0,2,0,1776,1,1,3004
55395.0,2,0,1776,1,1,2964
55405.0,2,0,1776,1,1,2924
55415.0,2,0,1776,1,1,2884
55425.0,2,0,1776,1,1,2844
55435.0,2,0,1776,1,1,2805
55445.0,2,0,1776,1,1,2766
55455.0,2,0,1776,1,1,2727
55465.0,2,0,1776,1,1,2689
55475.0,2,0,1776,1,1,2651
55485.0,2,0,1776,1,1,2613
55495.0,2,0,1776,1,1,2575
55505.0,2,0,1776,1,1,2537
55515.0,2,0,1776,1,1,2500
55525.0,2,0,1776,1,1,2463
55535.0,2,0,1776,1,1,2426
55545.0,2,0,1776,1,1,2390
55555.0,3,0,1776,1,1,2354
55565.0,3,0,1776,1,1,2318
55575.0,3,0,1776,1,1,2282
55585.0,3,0,1776,1,1,2246
55595.0,3,0,1776,1,1,2211
55605.0,3,0,1776,1,1,2176
55615.0,3,0,1776,1,1,2141
55625.0,3,0,1776,1,1,2107
55635.0,3,0,1776,1,1,2073
55645.0,3,0,1776,1,1,2039
55655.0,3,0,1776,1,1,2005
55665.0,3,0,1776,1,1,1971
55675.0,3,0,1776,1,1,1938
55685.0,3,0,1776,1,1,1905
55695.0,3,0,1776,1,1,1872
55705.0,4,0,1776,1,1,1840
55715.0,4,0,1776,1,1,1808
55725.0,4,0,1776,1,1,1776
55735.0,4,1,539,1,1,1744
55745.0,4,0,539,4,1,1713
55755.0,4,0,539,4,1,1682
55765.0,4,0,539,4,1,1651
55775.0,4,0,539,4,1,1621
55785.0,4,0,539,4,1,1591
55795.0,4,0,539,4,1,1562
55805.0,4,0,539,4,1,1533
55815.0,5,0,539,4,1,1504
55825.0,5,0,539,4,1,1476
55835.0,5,0,539,4,1,1448
55845.0,5,0,539,4,1,1421
55855.0,5,0,539,4,1,1394
55865.0,5,0,539,4,1,1367
55875.0,5,0,539,4,1,1341
55885.0,5,0,539,4,1,1315
55895.0,5,0,539,4,1,1289
55905.0,5,0,539,4,1,1264
55915.0,6,0,539,4,1,1239
55925.0,6,0,539,4,1,1214
55935.0,6,0,539,4,1,1190
55945.0,6,0,539,4,1,1166
55955.0,6,0,539,4,1,1143
55965.0,6,0,539,4,1,1120
55975.0,6,0,539,4,1,1097
55985.0,6,0,539,4,1,1075
55995.0,6,0,539,4,1,1053
56005.0,6,0,539,4,1,1032
56015.0,7,0,539,4,1,1011
56025.0,7,0,539,4,1,990
56035.0,7,0,539,4,1,970
56045.0,7,0,539,4,1,950
56055.0,7,0,539,4,1,930
56065.0,7,0,539,4,1,911
56075.0,7,0,539,4,1,892
56085.0,7,0,539,4,1,873
56095.0,8,0,539,4,1,855
56105.0,8,0,539,4,1,837
56115.0,8,0,539,4,1,820
56125.0,8,0,539,4,1,803
56135.0,8,0,539,4,1,786
56145.0,8,0,539,4,1,770
56155.0,8,0,539,4,1,754
56165.0,9,0,539,4,1,739
56175.0,9,0,539,4,1,724
56185.0,9,0,539,4,1,709
56195.0,9,0,539,4,1,695
56205.0,9,0,539,4,1,681
56215.0,9,0,539,4,1,667
56225.0,9,0,539,4,1,654
56235.0,9,0,539,4,1,641
56245.0,10,0,539,4,1,628
56255.0,10,0,539,4,1,616
56265.0,10,0,539,4,1,604
56275.0,10,0,539,4,1,593
56285.0,10,0,539,4,1,582
56295.0,10,0,539,4,1,571
56305.0,11,0,539,4,1,561
56315.0,11,0,539,4,1,551
56325.0,11,0,539,4,1,542
56335.0,11,0,539,4,1,533
56345.0,11,0,539,4,1,524
56355.0,11,0,539,4,1,516
56365.0,11,0,539,4,1,508
56375.0,12,1,612,4,1,500
56385.0,12,0,612,12,1,492
56395.0,12,0,612,12,1,485
56405.0,12,0,612,12,1,479
56415.0,12,0,612,12,1,472
56425.0,12,0,612,12,1,466
56435.0,13,0,612,12,1,460
56445.0,13,0,612,12,1,455
56455.0,13,0,612,12,1,450
56465.0,13,0,612,12,1,445
56475.0,13,0,612,12,1,440
56485.0,13,0,612,12,1,436
56495.0,14,0,612,12,1,432
56505.0,14,0,612,12,1,428
56515.0,14,0,612,12,1,425
56525.0,14,0,612,12,1,422
56535.0,14,0,612,12,1,419
56545.0,14,0,612,12,1,417
56555.0,15,0,612,12,1,415
56565.0,15,0,612,12,1,413
56575.0,15,0,612,12,1,412
56585.0,15,0,612,12,1,411
56595.0,15,0,612,12,1,410
56605.0,16,0,612,12,1,409
56615.0,16,0,612,12,1,409
56625.0,16,0,612,12,1,409
56635.0,16,0,612,12,1,410
56645.0,16,0,612,12,1,410
56655.0,17,0,612,12,1,411
56665.0,17,0,612,12,1,413
56675.0,17,0,612,12,1,415
56685.0,17,0,612,12,1,417
56695.0,17,0,612,12,1,419
56705.0,17,0,612,12,1,421
56715.0,18,0,612,12,1,424
56725.0,18,0,612,12,1,428
56735.0,18,0,612,12,1,431
56745.0,18,0,612,12,1,435
56755.0,18,0,612,12,1,439
56765.0,19,0,612,12,1,444
56775.0,19,0,612,12,1,449
56785.0,19,0,612,12,1,454
56795.0,19,0,612,12,1,459
56805.0,20,0,612,12,1,465
56815.0,20,0,612,12,1,471
56825.0,20,0,612,12,1,477
56835.0,20,0,612,12,1,484
56845.0,20,0,612,12,1,491
56855.0,21,0,612,12,1,498
56865.0,21,0,612,12,1,506
56875.0,21,0,612,12,1,514
56885.0,21,0,612,12,1,522
56895.0,21,0,612,12,1,531
56905.0,22,0,612,12,1,540
56915.0,22,0,612,12,1,549
56925.0,22,0,612,12,1,558
56935.0,22,0,612,12,1,568
56945.0,23,0,612,12,1,578
56955.0,23,0,612,12,1,589
56965.0,23,0,612,12,1,599
56975.0,23,0,612,12,1,610
56985.0,23,0,612,12,1,622
56995.0,24,0,612,12,1,634
57005.0,24,0,612,12,1,646
57015.0,24,1,1988,12,1,658
57025.0,24,0,1988,24,1,670
57035.0,25,0,1988,24,1,683
57045.0,25,0,1988,24,1,697
57055.0,25,0,1988,24,1,710
57065.0,25,0,1988,24,1,724
57075.0,25,0,1988,24,1,738
57085.0,26,0,1988,24,1,753
57095.0,26,0,1988,24,1,768
57105.0,26,0,1988,24,1,783
57115.0,26,0,1988,24,1,798
57125.0,27,0,1988,24,1,814
57135.0,27,0,1988,24,1,830
57145.0,27,0,1988,24,1,846
57155.0,27,0,1988,24,1,863
57165.0,28,0,1988,24,1,880
57175.0,28,0,1988,24,1,897
57185.0,28,0,1988,24,1,915
57195.0,28,0,1988,24,1,933
57205.0,29,0,1988,24,1,951
57215.0,29,0,1988,24,1,970
57225.0,29,0,1988,24,1,989
57235.0,29,0,1988,24,1,1008
57245.0,30,0,1988,24,1,1027
57255.0,30,0,1988,24,1,1047
57265.0,30,0,1988,24,1,1067
57275.0,30,0,1988,24,1,1088
57285.0,31,0,1988,24,1,1108
57295.0,31,0,1988,24,1,1129
57305.0,31,0,1988,24,1,1151
57315.0,31,0,1988,24,1,1173
57325.0,32,0,1988,24,1,1195
57335.0,32,0,1988,24,1,1217
57345.0,32,0,1988,24,1,1239
57355.0,32,0,1988,24,1,1262
57365.0,33,0,1988,24,1,1286
57375.0,33,0,1988,24,1,1309
57385.0,33,0,1988,24,1,1333
57395.0,34,0,1988,24,1,1357
57405.0,34,0,1988,24,1,1382
57415.0,34,0,1988,24,1,1407
57425.0,34,0,1988,24,1,1432
57435.0,35,0,1988,24,1,1457
57445.0,35,0,1988,24,1,1483
57455.0,35,0,1988,24,1,1509
57465.0,35,0,1988,24,1,1535
57475.0,36,0,1988,24,1,1562
57485.0,36,0,1988,24,1,1589
57495.0,36,0,1988,24,1,1616
57505.0,37,0,1988,24,1,1644
57515.0,37,0,1988,24,1,1672
57525.0,37,0,1988,24,1,1700
57535.0,37,0,1988,24,1,1729
57545.0,38,0,1988,24,1,1758
57555.0,38,0,1988,24,1,1787
57565.0,38,0,1988,24,1,1816
57575.0,38,0,1988,24,1,1846
57585.0,39,0,1988,24,1,1876
57595.0,39,0,1988,24,1,1907
57605.0,39,0,1988,24,1,1937
57615.0,40,0,1988,24,1,1968
57625.0,40,0,1988,24,1,2000
57635.0,40,0,1988,24,1,2032
57645.0,40,0,1988,24,1,2064
57655.0,41,1,4593,24,1,2096
57665.0,41,0,4593,41,1,2128
57675.0,41,0,4593,41,1,2161
57685.0,42,0,4593,41,1,2194
57695.0,42,0,4593,41,1,2227
57705.0,42,0,4593,41,1,2261
57715.0,43,0,4593,41,1,2295
57725.0,43,0,4593,41,1,2329
57735.0,43,0,4593,41,1,2363
57745.0,43,0,4593,41,1,2397
57755.0,44,0,4593,41,1,2432
57765.0,44,0,4593,41,1,2467
57775.0,44,0,4593,41,1,2502
57785.0,45,0,4593,41,1,2538
57795.0,45,0,4593,41,1,2574
57805.0,45,0,4593,41,1,2610
57815.0,46,0,4593,41,1,2646
57825.0,46,0,4593,41,1,2682
57835.0,46,0,4593,41,1,2719
57845.0,46,0,4593,41,1,2756
57855.0,47,0,4593,41,1,2793
57865.0,47,0,4593,41,1,2831
57875.0,47,0,4593,41,1,2869
57885.0,48,0,4593,41,1,2907
57895.0,48,0,4593,41,1,2945
57905.0,48,0,4593,41,1,2983
57915.0,49,0,4593,41,1,3022
57925.0,49,0,4593,41,1,3061
57935.0,49,0,4593,41,1,3100
57945.0,50,0,4593,41,1,3140
57955.0,50,0,4593,41,1,3180
57965.0,50,0,4593,41,1,3220
57975.0,50,0,4593,41,1,3260
57985.0,51,0,4593,41,1,3300
57995.0,51,0,4593,41,1,3341
58005.0,51,0,4593,41,1,3382
58015.0,52,0,4593,41,1,3423
58025.0,52,0,4593,41,1,3465
58035.0,52,0,4593,41,1,3507
58045.0,53,0,4593,41,1,3549
58055.0,53,0,4593,41,1,3591
58065.0,53,0,4593,41,1,3633
58075.0,54,0,4593,41,1,3676
58085.0,54,0,4593,41,1,3719
58095.0,54,0,4593,41,1,3762
58105.0,55,0,4593,41,1,3806
58115.0,55,0,4593,41,1,3850
58125.0,55,0,4593,41,1,3894
58135.0,56,0,4593,41,1,3938
58145.0,56,0,4593,41,1,3982
58155.0,56,0,4593,41,1,4027
58165.0,57,0,4593,41,1,4072
58175.0,57,0,4593,41,1,4117
58185.0,57,0,4593,41,1,4163
58195.0,58,0,4593,41,1,4209
58205.0,58,0,4593,41,1,4255
58215.0,58,0,4593,41,1,4301
58225.0,59,0,4593,41,1,4347
58235.0,59,0,4593,41,1,4394
58245.0,59,0,4593,41,1,4441
58255.0,60,0,4593,41,1,4488
58265.0,60,0,4593,41,1,4536
58275.0,60,0,4593,41,1,4584
58285.0,61,0,4593,41,1,4632
58295.0,61,1,8333,41,1,4680
58305.0,61,0,8333,61,1,4728
58315.0,62,0,8333,61,1,4777
58325.0,62,0,8333,61,1,4827
58335.0,62,0,8333,61,1,4876
58345.0,63,0,8333,61,1,4926
58355.0,63,0,8333,61,1,4976
58365.0,63,0,8333,61,1,5027
58375.0,64,0,8333,61,1,5078
58385.0,64,0,8333,61,1,5129
58395.0,64,0,8333,61,1,5180
58405.0,65,0,8333,61,1,5232
58415.0,65,0,8333,61,1,5284
58425.0,65,0,8333,61,1,5336
58435.0,66,0,8333,61,1,5389
58445.0,66,0,8333,61,1,5442
58455.0,66,0,8333,61,1,5495
58465.0,67,0,8333,61,1,5549
58475.0,67,0,8333,61,1,5603
58485.0,68,0,8333,61,1,5657
58495.0,68,0,8333,61,1,5712
58505.0,68,0,8333,61,1,5767
58515.0,69,0,8333,61,1,5822
58525.0,69,0,8333,61,1,5877
58535.0,69,0,8333,61,1,5933
58545.0,70,0,8333,61,1,5989
58555.0,70,0,8333,61,1,6046
58565.0,70,0,8333,61,1,6102
58575.0,71,0,8333,61,1,6159
58585.0,71,0,8333,61,1,6217
58595.0,71,0,8333,61,1,6275
58605.0,72,0,8333,61,1,6333
58615.0,72,0,8333,61,1,6391
58625.0,72,0,8333,61,1,6449
58635.0,73,0,8333,61,1,6508
58645.0,73,0,8333,61,1,6568
58655.0,74,0,8333,61,1,6627
58665.0,74,0,8333,61,1,6687
58675.0,74,0,8333,61,1,6747
58685.0,75,0,8333,61,1,6808
58695.0,75,0,8333,61,1,6869
58705.0,75,0,8333,61,1,6930
58715.0,76,0,8333,61,1,6991
58725.0,76,0,8333,61,1,7053
58735.0,76,0,8333,61,1,7115
58745.0,77,0,8333,61,1,7177
58755.0,77,0,8333,61,1,7240
58765.0,78,0,8333,61,1,7303
58775.0,78,0,8333,61,1,7366
58785.0,78,0,8333,61,1,7430
58795.0,79,0,8333,61,1,7494
58805.0,79,0,8333,61,1,7558
58815.0,79,0,8333,61,1,7623
58825.0,80,0,8333,61,1,7688
58835.0,80,0,8333,61,1,7753
58845.0,81,0,8333,61,1,7818
58855.0,81,0,8333,61,1,7884
58865.0,81,0,8333,61,1,7950
58875.0,82,0,8333,61,1,8017
58885.0,82,0,8333,61,1,8083
58895.0,82,0,8333,61,1,8150
58905.0,83,0,8333,61,1,8218
58915.0,83,0,8333,61,1,8286
58925.0,83,0,8333,61,1,8354
58935.0,84,1,13063,61,1,8422
58945.0,84,0,13063,84,1,8490
58955.0,85,0,13063,84,1,8559
58965.0,85,0,13063,84,1,8627
58975.0,85,0,13063,84,1,8696
58985.0,86,0,13063,84,1,8765
58995.0,86,0,13063,84,1,8835
59005.0,86,0,13063,84,1,8904
59015.0,87,0,13063,84,1,8974
59025.0,87,0,13063,84,1,9044
59035.0,88,0,13063,84,1,9114
59045.0,88,0,13063,84,1,9184
59055.0,88,0,13063,84,1,9255
59065.0,89,0,13063,84,1,9325
59075.0,89,0,13063,84,1,9396
59085.0,90,0,13063,84,1,9467
59095.0,90,0,13063,84,1,9538
59105.0,90,0,13063,84,1,9610
59115.0,91,0,13063,84,1,9681
59125.0,91,0,13063,84,1,9753
59135.0,91,0,13063,84,1,9825
59145.0,92,0,13063,84,1,9897
59155.0,92,0,13063,84,1,9969
59165.0,93,0,13063,84,1,10042
59175.0,93,0,13063,84,1,10114
59185.0,93,0,13063,84,1,10187
59195.0,94,0,13063,84,1,10260
59205.0,94,0,13063,84,1,10334
59215.0,94,0,13063,84,1,10407
59225.0,95,0,13063,84,1,10481
59235.0,95,0,13063,84,1,10555
59245.0,96,0,13063,84,1,10629
59255.0,96,0,13063,84,1,10703
59265.0,96,0,13063,84,1,10777
59275.0,97,0,13063,84,1,10852
59285.0,97,0,13063,84,1,10926
59295.0,98,0,13063,84,1,11001
59305.0,98,0,13063,84,1,11076
59315.0,98,0,13063,84,1,11152
59325.0,99,0,13063,84,1,11227
59335.0,99,0,13063,84,1,11303
59345.0,100,0,13063,84,1,11379
59355.0,100,0,13063,84,1,11455
59365.0,100,0,13063,84,1,11531
59375.0,101,0,13063,84,1,11608
59385.0,101,0,13063,84,1,11684
59395.0,101,0,13063,84,1,11761
59405.0,102,0,13063,84,1,11838
59415.0,102,0,13063,84,1,11915
59425.0,103,0,13063,84,1,11993
59435.0,103,0,13063,84,1,12070
59445.0,103,0,13063,84,1,12148
59455.0,104,0,13063,84,1,12226
59465.0,104,0,13063,84,1,12304
59475.0,105,0,13063,84,1,12382
59485.0,105,0,13063,84,1,12461
59495.0,105,0,13063,84,1,12539
59505.0,106,0,13063,84,1,12618
59515.0,106,0,13063,84,1,12697
59525.0,107,0,13063,84,1,12777
59535.0,107,0,13063,84,1,12856
59545.0,107,0,13063,84,1,12936
59555.0,108,0,13063,84,1,13016
59565.0,108,0,13063,84,1,13096
59575.0,109,1,18581,84,1,13176
59585.0,109,0,18581,109,1,13256
59595.0,109,0,18581,109,1,13337
59605.0,110,0,18581,109,1,13417
59615.0,110,0,18581,109,1,13498
59625.0,111,0,18581,109,1,13579
59635.0,111,0,18581,109,1,13661
59645.0,111,0,18581,109,1,13742
59655.0,112,0,18581,109,1,13824
59665.0,112,0,18581,109,1,13906
59675.0,112,0,18581,109,1,13988
59685.0,113,0,18581,109,1,14070
59695.0,113,0,18581,109,1,14153
59705.0,114,0,18581,109,1,14235
59715.0,114,0,18581,109,1,14318
59725.0,114,0,18581,109,1,14401
59735.0,115,0,18581,109,1,14484
59745.0,115,0,18581,109,1,14568
59755.0,116,0,18581,109,1,14651
59765.0,116,0,18581,109,1,14735
59775.0,116,0,18581,109,1,14819
59785.0,117,0,18581,109,1,14903
59795.0,117,0,18581,109,1,14987
59805.0,118,0,18581,109,1,15072
59815.0,118,0,18581,109,1,15156
59825.0,118,0,18581,109,1,15241
59835.0,119,0,18581,109,1,15326
59845.0,119,0,18581,109,1,15412
59855.0,120,0,18581,109,1,15497
59865.0,120,0,18581,109,1,15583
59875.0,120,0,18581,109,1,15669
59885.0,121,0,18581,109,1,15755
59895.0,121,0,18581,109,1,15841
59905.0,122,0,18581,109,1,15927
59915.0,122,0,18581,109,1,16014
59925.0,122,0,18581,109,1,16100
59935.0,123,0,18581,109,1,16187
59945.0,123,0,18581,109,1,16274
59955.0,124,0,18581,109,1,16362
59965.0,124,0,18581,109,1,16449
59975.0,124,0,18581,109,1,16537
59985.0,125,0,18581,109,1,16625
59995.0,125,0,18581,109,1,16713
60005.0,126,0,18581,109,1,16801
60015.0,126,0,18581,109,1,16890
60025.0,126,0,18581,109,1,16978
60035.0,127,0,18581,109,1,17067
60045.0,127,0,18581,109,1,17156
60055.0,128,0,18581,109,1,17245
60065.0,128,0,18581,109,1,17335
60075.0,128,0,18581,109,1,17424
60085.0,129,0,18581,109,1,17514
60095.0,129,0,18581,109,1,17604
60105.0,130,0,18581,109,1,17694
60115.0,130,0,18581,109,1,17784
60125.0,130,0,18581,109,1,17875
60135.0,131,0,18581,109,1,17965
60145.0,131,0,18581,109,1,18056
60155.0,132,0,18581,109,1,18147
60165.0,132,0,18581,109,1,18239
60175.0,132,0,18581,109,1,18330
60185.0,133,0,18581,109,1,18422
60195.0,133,0,18581,109,1,18514
60205.0,134,0,18581,109,1,18606
60215.0,134,1,24673,109,1,18698
60225.0,134,0,24673,134,1,18790
60235.0,135,0,24673,134,1,18882
60245.0,135,0,24673,134,1,18975
60255.0,136,0,24673,134,1,19067
60265.0,136,0,24673,134,1,19160
60275.0,136,0,24673,134,1,19253
60285.0,137,0,24673,134,1,19346
60295.0,137,0,24673,134,1,19439
60305.0,138,0,24673,134,1,19532
60315.0,138,0,24673,134,1,19626
60325.0,138,0,24673,134,1,19719
60335.0,139,0,24673,134,1,19813
60345.0,139,0,24673,134,1,19907
60355.0,140,0,24673,134,1,20001
60365.0,140,0,24673,134,1,20095
60375.0,140,0,24673,134,1,20189
60385.0,141,0,24673,134,1,20283
60395.0,141,0,24673,134,1,20377
60405.0,142,0,24673,134,1,20472
60415.0,142,0,24673,134,1,20566
60425.0,142,0,24673,134,1,20661
60435.0,143,0,24673,134,1,20756
60445.0,143,0,24673,134,1,20851
60455.0,144,0,24673,134,1,20946
60465.0,144,0,24673,134,1,21041
60475.0,144,0,24673,134,1,21137
60485.0,145,0,24673,134,1,21232
60495.0,145,0,24673,134,1,21328
60505.0,145,0,24673,134,1,21424
60515.0,146,0,24673,134,1,21520
60525.0,146,0,24673,134,1,21616
60535.0,147,0,24673,134,1,21712
60545.0,147,0,24673,134,1,21808
60555.0,147,0,24673,134,1,21904
60565.0,148,0,24673,134,1,22001
60575.0,148,0,24673,134,1,22097
60585.0,149,0,24673,134,1,22194
60595.0,149,0,24673,134,1,22291
60605.0,149,0,24673,134,1,22388
60615.0,150,0,24673,134,1,22485
60625.0,150,0,24673,134,1,22582
60635.0,151,0,24673,134,1,22680
60645.0,151,0,24673,134,1,22777
60655.0,151,0,24673,134,1,22875
60665.0,152,0,24673,134,1,22973
60675.0,152,0,24673,134,1,23071
60685.0,153,0,24673,134,1,23169
60695.0,153,0,24673,134,1,23267
60705.0,153,0,24673,134,1,23365
60715.0,154,0,24673,134,1,23463
60725.0,154,0,24673,134,1,23562
60735.0,155,0,24673,134,1,23660
60745.0,155,0,24673,134,1,23759
60755.0,155,0,24673,134,1,23858
60765.0,156,0,24673,134,1,23957
60775.0,156,0,24673,134,1,24056
60785.0,156,0,24673,134,1,24155
60795.0,157,0,24673,134,1,24255
60805.0,157,0,24673,134,1,24354
60815.0,158,0,24673,134,1,24454
60825.0,158,0,24673,134,1,24554
60835.0,158,0,24673,134,1,24654
60845.0,159,0,24673,134,1,24754
60855.0,159,1,31091,134,1,24854
60865.0,160,0,31091,160,1,24954
60875.0,160,0,31091,160,1,25054
60885.0,160,0,31091,160,1,25154
60895.0,161,0,31091,160,1,25254
60905.0,161,0,31091,160,1,25354
60915.0,162,0,31091,160,1,25454
60925.0,162,0,31091,160,1,25554
60935.0,162,0,31091,160,1,25654
60945.0,163,0,31091,160,1,25754
60955.0,163,0,31091,160,1,25854
60965.0,163,0,31091,160,1,25954
60975.0,164,0,31091,160,1,26054
60985.0,164,0,31091,160,1,26154
60995.0,165,0,31091,160,1,26254
61005.0,165,0,31091,160,1,26354
61015.0,165,0,31091,160,1,26454
61025.0,166,0,31091,160,1,26554
61035.0,166,0,31091,160,1,26654
61045.0,166,0,31091,160,1,26754
61055.0,167,0,31091,160,1,26854
61065.0,167,0,31091,160,1,26954
61075.0,168,0,31091,160,1,27054
61085.0,168,0,31091,160,1,27154
61095.0,168,0,31091,160,1,27254
61105.0,169,0,31091,160,1,27354
61115.0,169,0,31091,160,1,27454
61125.0,170,0,31091,160,1,27554
61135.0,170,0,31091,160,1,27654
61145.0,170,0,31091,160,1,27754
61155.0,171,0,31091,160,1,27854
61165.0,171,0,31091,160,1,27954
61175.0,171,0,31091,160,1,28054
61185.0,172,0,31091,160,1,28154
61195.0,172,0,31091,160,1,28254
61205.0,173,0,31091,160,1,28354
61215.0,173,0,31091,160,1,28454
61225.0,173,0,31091,160,1,28554
61235.0,174,0,31091,160,1,28654
61245.0,174,0,31091,160,1,28754
61255.0,174,0,31091,160,1,28854
61265.0,175,0,31091,160,1,28954
61275.0,175,0,31091,160,1,29054
61285.0,175,0,31091,160,1,29154
61295.0,176,0,31091,160,1,29254
61305.0,176,0,31091,160,1,29354
61315.0,177,0,31091,160,1,29454
61325.0,177,0,31091,160,1,29554
61335.0,177,0,31091,160,1,29654
61345.0,178,0,31091,160,1,29754
61355.0,178,0,31091,160,1,29854
61365.0,178,0,31091,160,1,29954
61375.0,179,0,31091,160,1,30054
61385.0,179,0,31091,160,1,30154
61395.0,180,0,31091,160,1,30254
61405.0,180,0,31091,160,1,30354
61415.0,180,0,31091,160,1,30454
61425.0,181,0,31091,160,1,30554
61435.0,181,0,31091,160,1,30654
61445.0,181,0,31091,160,1,30754
61455.0,182,0,31091,160,1,30854
61465.0,182,0,31091,160,1,30954
61475.0,182,0,31091,160,1,31054
61485.0,183,0,31091,160,1,31154
61495.0,183,1,37577,160,1,31254
61505.0,184,0,37577,184,1,31354
61515.0,184,0,37577,184,1,31454
61525.0,184,0,37577,184,1,31554
61535.0,185,0,37577,184,1,31654
61545.0,185,0,37577,184,1,31755
61555.0,185,0,37577,184,1,31855
61565.0,186,0,37577,184,1,31956
61575.0,186,0,37577,184,1,32056
61585.0,186,0,37577,184,1,32157
61595.0,187,0,37577,184,1,32258
61605.0,187,0,37577,184,1,32358
61615.0,187,0,37577,184,1,32459
61625.0,188,0,37577,184,1,32560
61635.0,188,0,37577,184,1,32661
61645.0,188,0,37577,184,1,32762
61655.0,189,0,37577,184,1,32863
61665.0,189,0,37577,184,1,32964
61675.0,190,0,37577,184,1,33065
61685.0,190,0,37577,184,1,33167
61695.0,190,0,37577,184,1,33268
61705.0,191,0,37577,184,1,33369
61715.0,191,0,37577,184,1,33471
61725.0,191,0,37577,184,1,33572
61735.0,192,0,37577,184,1,33674
61745.0,192,0,37577,184,1,33775
61755.0,192,0,37577,184,1,33877
61765.0,193,0,37577,184,1,33979
61775.0,193,0,37577,184,1,34081
61785.0,193,0,37577,184,1,34183
61795.0,194,0,37577,184,1,34285
61805.0,194,0,37577,184,1,34387
61815.0,194,0,37577,184,1,34489
61825.0,195,0,37577,184,1,34591
61835.0,195,0,37577,184,1,34693
61845.0,195,0,37577,184,1,34795
61855.0,196,0,37577,184,1,34897
61865.0,196,0,37577,184,1,35000
61875.0,196,0,37577,184,1,35102
61885.0,197,0,37577,184,1,35205
61895.0,197,0,37577,184,1,35307
61905.0,197,0,37577,184,1,35410
61915.0,198,0,37577,184,1,35513
61925.0,198,0,37577,184,1,35615
61935.0,198,0,37577,184,1,35718
61945.0,199,0,37577,184,1,35821
61955.0,199,0,37577,184,1,35924
61965.0,199,0,37577,184,1,36027
61975.0,200,0,37577,184,1,36130
61985.0,200,0,37577,184,1,36233
61995.0,200,0,37577,184,1,36336
62005.0,201,0,37577,184,1,36440
62015.0,201,0,37577,184,1,36543
62025.0,201,0,37577,184,1,36646
62035.0,202,0,37577,184,1,36750
62045.0,202,0,37577,184,1,36853
62055.0,202,0,37577,184,1,36957
62065.0,203,0,37577,184,1,37060
62075.0,203,0,37577,184,1,37164
62085.0,203,0,37577,184,1,37268
62095.0,204,0,37577,184,1,37372
62105.0,204,0,37577,184,1,37476
62115.0,204,0,37577,184,1,37580
62125.0,205,0,37577,184,1,37684
62135.0,205,1,43869,184,1,37787
62145.0,205,0,43869,205,1,37891
62155.0,206,0,43869,205,1,37995
62165.0,206,0,43869,205,1,38098
62175.0,206,0,43869,205,1,38202
62185.0,206,0,43869,205,1,38305
62195.0,207,0,43869,205,1,38408
62205.0,207,0,43869,205,1,38511
62215.0,207,0,43869,205,1,38614
62225.0,208,0,43869,205,1,38717
62235.0,208,0,43869,205,1,38819
62245.0,208,0,43869,205,1,38922
62255.0,209,0,43869,205,1,39024
62265.0,209,0,43869,205,1,39126
62275.0,209,0,43869,205,1,39229
62285.0,210,0,43869,205,1,39331
62295.0,210,0,43869,205,1,39432
62305.0,210,0,43869,205,1,39534
62315.0,210,0,43869,205,1,39636
62325.0,211,0,43869,205,1,39737
62335.0,211,0,43869,205,1,39839
62345.0,211,0,43869,205,1,39940
62355.0,212,0,43869,205,1,40041
62365.0,212,0,43869,205,1,40142
62375.0,212,0,43869,205,1,40243
62385.0,213,0,43869,205,1,40344
62395.0,213,0,43869,205,1,40444
62405.0,213,0,43869,205,1,40545
62415.0,213,0,43869,205,1,40645
62425.0,214,0,43869,205,1,40745
62435.0,214,0,43869,205,1,40846
62445.0,214,0,43869,205,1,40946
62455.0,215,0,43869,205,1,41045
62465.0,215,0,43869,205,1,41145
62475.0,215,0,43869,205,1,41245
62485.0,216,0,43869,205,1,41344
62495.0,216,0,43869,205,1,41444
62505.0,216,0,43869,205,1,41543
62515.0,216,0,43869,205,1,41642
62525.0,217,0,43869,205,1,41741
62535.0,217,0,43869,205,1,41840
62545.0,217,0,43869,205,1,41939
62555.0,218,0,43869,205,1,42037
62565.0,218,0,43869,205,1,42136
62575.0,218,0,43869,205,1,42234
62585.0,218,0,43869,205,1,42332
62595.0,219,0,43869,205,1,42431
62605.0,219,0,43869,205,1,42529
62615.0,219,0,43869,205,1,42626
62625.0,219,0,43869,205,1,42724
62635.0,220,0,43869,205,1,42822
62645.0,220,0,43869,205,1,42919
62655.0,220,0,43869,205,1,43017
62665.0,221,0,43869,205,1,43114
62675.0,221,0,43869,205,1,43211
62685.0,221,0,43869,205,1,43308
62695.0,221,0,43869,205,1,43405
62705.0,222,0,43869,205,1,43502
62715.0,222,0,43869,205,1,43598
62725.0,222,0,43869,205,1,43695
62735.0,222,0,43869,205,1,43791
62745.0,223,0,43869,205,1,43887
62755.0,223,0,43869,205,1,43984
62765.0,223,0,43869,205,1,44080
62775.0,224,1,49712,205,1,44175
62785.0,224,0,49712,224,1,44271
62795.0,224,0,49712,224,1,44366
62805.0,224,0,49712,224,1,44462
62815.0,225,0,49712,224,1,44557
62825.0,225,0,49712,224,1,44652
62835.0,225,0,49712,224,1,44746
62845.0,225,0,49712,224,1,44841
62855.0,226,0,49712,224,1,44935
62865.0,226,0,49712,224,1,45029
62875.0,226,0,49712,224,1,45123
62885.0,226,0,49712,224,1,45217
62895.0,227,0,49712,224,1,45310
62905.0,227,0,49712,224,1,45404
62915.0,227,0,49712,224,1,45497
62925.0,227,0,49712,224,1,45590
62935.0,228,0,49712,224,1,45683
62945.0,228,0,49712,224,1,45775
62955.0,228,0,49712,224,1,45868
62965.0,228,0,49712,224,1,45960
62975.0,229,0,49712,224,1,46052
62985.0,229,0,49712,224,1,46144
62995.0,229,0,49712,224,1,46236
63005.0,229,0,49712,224,1,46327
63015.0,230,0,49712,224,1,46419
63025.0,230,0,49712,224,1,46510
63035.0,230,0,49712,224,1,46601
63045.0,230,0,49712,224,1,46691
63055.0,231,0,49712,224,1,46782
63065.0,231,0,49712,224,1,46872
63075.0,231,0,49712,224,1,46963
63085.0,231,0,49712,224,1,47053
63095.0,231,0,49712,224,1,47142
63105.0,232,0,49712,224,1,47232
63115.0,232,0,49712,224,1,47321
63125.0,232,0,49712,224,1,47411
63135.0,232,0,49712,224,1,47500
63145.0,233,0,49712,224,1,47589
63155.0,233,0,49712,224,1,47677
63165.0,233,0,49712,224,1,47766
63175.0,233,0,49712,224,1,47854
63185.0,233,0,49712,224,1,47942
63195.0,234,0,49712,224,1,48030
63205.0,234,0,49712,224,1,48118
63215.0,234,0,49712,224,1,48205
63225.0,234,0,49712,224,1,48293
63235.0,235,0,49712,224,1,48380
63245.0,235,0,49712,224,1,48467
63255.0,235,0,49712,224,1,48554
63265.0,235,0,49712,224,1,48640
63275.0,235,0,49712,224,1,48727
63285.0,236,0,49712,224,1,48813
63295.0,236,0,49712,224,1,48899
63305.0,236,0,49712,224,1,48985
63315.0,236,0,49712,224,1,49071
63325.0,236,0,49712,224,1,49156
63335.0,237,0,49712,224,1,49242
63345.0,237,0,49712,224,1,49327
63355.0,237,0,49712,224,1,49412
63365.0,237,0,49712,224,1,49496
63375.0,238,0,49712,224,1,49581
63385.0,238,0,49712,224,1,49665
63395.0,238,0,49712,224,1,49750
63405.0,238,0,49712,224,1,49834
63415.0,238,1,54875,224,1,49917
63425.0,239,0,54875,239,1,50001
63435.0,239,0,54875,239,1,50085
63445.0,239,0,54875,239,1,50168
63455.0,239,0,54875,239,1,50252
63465.0,239,0,54875,239,1,50335
63475.0,239,0,54875,239,1,50418
63485.0,240,0,54875,239,1,50501
63495.0,240,0,54875,239,1,50584
63505.0,240,0,54875,239,1,50667
63515.0,240,0,54875,239,1,50749
63525.0,240,0,54875,239,1,50832
63535.0,241,0,54875,239,1,50914
63545.0,241,0,54875,239,1,50996
63555.0,241,0,54875,239,1,51079
63565.0,241,0,54875,239,1,51161
63575.0,241,0,54875,239,1,51242
63585.0,242,0,54875,239,1,51324
63595.0,242,0,54875,239,1,51406
63605.0,242,0,54875,239,1,51487
63615.0,242,0,54875,239,1,51569
63625.0,242,0,54875,239,1,51650
63635.0,242,0,54875,239,1,51731
63645.0,243,0,54875,239,1,51812
63655.0,243,0,54875,239,1,51893
63665.0,243,0,54875,239,1,51974
63675.0,243,0,54875,239,1,52054
63685.0,243,0,54875,239,1,52135
63695.0,243,0,54875,239,1,52215
63705.0,244,0,54875,239,1,52295
63715.0,244,0,54875,239,1,52376
63725.0,244,0,54875,239,1,52456
63735.0,244,0,54875,239,1,52535
63745.0,244,0,54875,239,1,52615
63755.0,244,0,54875,239,1,52695
63765.0,245,0,54875,239,1,52774
63775.0,245,0,54875,239,1,52854
63785.0,245,0,54875,239,1,52933
63795.0,245,0,54875,239,1,53012
63805.0,245,0,54875,239,1,53091
63815.0,245,0,54875,239,1,53170
63825.0,245,0,54875,239,1,53249
63835.0,246,0,54875,239,1,53327
63845.0,246,0,54875,239,1,53406
63855.0,246,0,54875,239,1,53484
63865.0,246,0,54875,239,1,53562
63875.0,246,0,54875,239,1,53641
63885.0,246,0,54875,239,1,53719
63895.0,247,0,54875,239,1,53796
63905.0,247,0,54875,239,1,53874
63915.0,247,0,54875,239,1,53952
63925.0,247,0,54875,239,1,54029
63935.0,247,0,54875,239,1,54107
63945.0,247,0,54875,239,1,54184
63955.0,247,0,54875,239,1,54261
63965.0,247,0,54875,239,1,54338
63975.0,248,0,54875,239,1,54415
63985.0,248,0,54875,239,1,54492
63995.0,248,0,54875,239,1,54568
64005.0,248,0,54875,239,1,54645
64015.0,248,0,54875,239,1,54721
64025.0,248,0,54875,239,1,54797
64035.0,248,0,54875,239,1,54874
64045.0,249,0,54875,239,1,54950
64055.0,249,1,59147,239,1,55025
64065.0,249,0,59147,249,1,55101
64075.0,249,0,59147,249,1,55176
64085.0,249,0,59147,249,1,55251
64095.0,249,0,59147,249,1,55326
64105.0,249,0,59147,249,1,55400
64115.0,249,0,59147,249,1,55475
64125.0,250,0,59147,249,1,55549
64135.0,250,0,59147,249,1,55622
64145.0,250,0,59147,249,1,55696
64155.0,250,0,59147,249,1,55769
64165.0,250,0,59147,249,1,55842
64175.0,250,0,59147,249,1,55915
64185.0,250,0,59147,249,1,55987
64195.0,250,0,59147,249,1,56060
64205.0,250,0,59147,249,1,56132
64215.0,250,0,59147,249,1,56203
64225.0,251,0,59147,249,1,56275
64235.0,251,0,59147,249,1,56346
64245.0,251,0,59147,249,1,56417
64255.0,251,0,59147,249,1,56488
64265.0,251,0,59147,249,1,56558
64275.0,251,0,59147,249,1,56629
64285.0,251,0,59147,249,1,56699
64295.0,251,0,59147,249,1,56768
64305.0,251,0,59147,249,1,56838
64315.0,251,0,59147,249,1,56907
64325.0,252,0,59147,249,1,56976
64335.0,252,0,59147,249,1,57045
64345.0,252,0,59147,249,1,57113
64355.0,252,0,59147,249,1,57182
64365.0,252,0,59147,249,1,57250
64375.0,252,0,59147,249,1,57317
64385.0,252,0,59147,249,1,57385
64395.0,252,0,59147,249,1,57452
64405.0,252,0,59147,249,1,57519
64415.0,252,0,59147,249,1,57586
64425.0,252,0,59147,249,1,57652
64435.0,253,0,59147,249,1,57719
64445.0,253,0,59147,249,1,57785
64455.0,253,0,59147,249,1,57850
64465.0,253,0,59147,249,1,57916
64475.0,253,0,59147,249,1,57981
64485.0,253,0,59147,249,1,58046
64495.0,253,0,59147,249,1,58111
64505.0,253,0,59147,249,1,58175
64515.0,253,0,59147,249,1,58240
64525.0,253,0,59147,249,1,58304
64535.0,253,0,59147,249,1,58367
64545.0,253,0,59147,249,1,58431
64555.0,253,0,59147,249,1,58494
64565.0,253,0,59147,249,1,58557
64575.0,253,0,59147,249,1,58620
64585.0,254,0,59147,249,1,58682
64595.0,254,0,59147,249,1,58745
64605.0,254,0,59147,249,1,58807
64615.0,254,0,59147,249,1,58868
64625.0,254,0,59147,249,1,58930
64635.0,254,0,59147,249,1,58991
64645.0,254,0,59147,249,1,59052
64655.0,254,0,59147,249,1,59113
64665.0,254,0,59147,249,1,59173
64675.0,254,0,59147,249,1,59234
64685.0,254,0,59147,249,1,59294
64695.0,254,1,62354,249,1,59353
64705.0,254,0,62354,254,1,59413
64715.0,254,0,62354,254,1,59472
64725.0,254,0,62354,254,1,59530
64735.0,254,0,62354,254,1,59589
64745.0,254,0,62354,254,1,59647
64755.0,254,0,62354,254,1,59705
64765.0,254,0,62354,254,1,59762
64775.0,254,0,62354,254,1,59819
64785.0,255,0,62354,254,1,59876
64795.0,255,0,62354,254,1,59933
64805.0,255,0,62354,254,1,59989
64815.0,255,0,62354,254,1,60045
64825.0,255,0,62354,254,1,60101
64835.0,255,0,62354,254,1,60156
64845.0,255,0,62354,254,1,60211
64855.0,255,0,62354,254,1,60266
64865.0,255,0,62354,254,1,60320
64875.0,255,0,62354,254,1,60374
64885.0,255,0,62354,254,1,60428
64895.0,255,0,62354,254,1,60481
64905.0,255,0,62354,254,1,60534
64915.0,255,0,62354,254,1,60587
64925.0,255,0,62354,254,1,60640
64935.0,255,0,62354,254,1,60692
64945.0,255,0,62354,254,1,60744
64955.0,255,0,62354,254,1,60795
64965.0,255,0,62354,254,1,60847
64975.0,255,0,62354,254,1,60898
64985.0,255,0,62354,254,1,60948
64995.0,255,0,62354,254,1,60999
65005.0,255,0,62354,254,1,61049
65015.0,255,0,62354,254,1,61098
65025.0,255,0,62354,254,1,61148
65035.0,255,0,62354,254,1,61197
65045.0,255,0,62354,254,1,61245
65055.0,255,0,62354,254,1,61294
65065.0,255,0,62354,254,1,61342
65075.0,255,0,62354,254,1,61390
65085.0,255,0,62354,254,1,61437
65095.0,255,0,62354,254,1,61484
65105.0,255,0,62354,254,1,61531
65115.0,255,0,62354,254,1,61578
65125.0,255,0,62354,254,1,61624
65135.0,255,0,62354,254,1,61670
65145.0,255,0,62354,254,1,61716
65155.0,255,0,62354,254,1,61761
65165.0,255,0,62354,254,1,61806
65175.0,255,0,62354,254,1,61851
65185.0,255,0,62354,254,1,61895
65195.0,255,0,62354,254,1,61939
65205.0,255,0,62354,254,1,61983
65215.0,255,0,62354,254,1,62026
65225.0,255,0,62354,254,1,62069
65235.0,255,0,62354,254,1,62112
65245.0,255,0,62354,254,1,62155
65255.0,255,0,62354,254,1,62197
65265.0,255,0,62354,254,1,62239
65275.0,255,0,62354,254,1,62280
65285.0,255,0,62354,254,1,62322
65295.0,255,0,62354,254,1,62363
65305.0,255,0,62354,254,1,62403
65315.0,255,0,62354,254,1,62444
65325.0,255,0,62354,254,1,62484
65335.0,255,1,64370,254,1,62523
65345.0,255,0,64370,255,1,62563
65355.0,254,0,64370,255,1,62602
65365.0,254,0,64370,255,1,62640
65375.0,254,0,64370,255,1,62679
65385.0,254,0,64370,255,1,62717
65395.0,254,0,64370,255,1,62755
65405.0,254,0,64370,255,1,62792
65415.0,254,0,64370,255,1,62829
65425.0,254,0,64370,255,1,62866
65435.0,254,0,64370,255,1,62903
65445.0,254,0,64370,255,1,62939
65455.0,254,0,64370,255,1,62975
65465.0,254,0,64370,255,1,63011
65475.0,254,0,64370,255,1,63046
65485.0,254,0,64370,255,1,63081
65495.0,254,0,64370,255,1,63116
65505.0,254,0,64370,255,1,63150
65515.0,254,0,64370,255,1,63184
65525.0,254,0,64370,255,1,63218
65535.0,254,0,64370,255,1,63251
65545.0,254,0,64370,255,1,63284
65555.0,253,0,64370,255,1,63317
65565.0,253,0,64370,255,1,63350
65575.0,253,0,64370,255,1,63382
65585.0,253,0,64370,255,1,63414
65595.0,253,0,64370,255,1,63445
65605.0,253,0,64370,255,1,63477
65615.0,253,0,64370,255,1,63508
65625.0,253,0,64370,255,1,63538
65635.0,253,0,64370,255,1,63569
65645.0,253,0,64370,255,1,63599
65655.0,253,0,64370,255,1,63628
65665.0,253,0,64370,255,1,63658
65675.0,253,0,64370,255,1,63687
65685.0,253,0,64370,255,1,63715
65695.0,253,0,64370,255,1,63744
65705.0,252,0,64370,255,1,63772
65715.0,252,0,64370,255,1,63800
65725.0,252,0,64370,255,1,63827
65735.0,252,0,64370,255,1,63854
65745.0,252,0,64370,255,1,63881
65755.0,252,0,64370,255,1,63908
65765.0,252,0,64370,255,1,63934
65775.0,252,0,64370,255,1,63960
65785.0,252,0,64370,255,1,63986
65795.0,252,0,64370,255,1,64011
65805.0,252,0,64370,255,1,64036
65815.0,251,0,64370,255,1,64061
65825.0,251,0,64370,255,1,64085
65835.0,251,0,64370,255,1,64109
65845.0,251,0,64370,255,1,64133
65855.0,251,0,64370,255,1,64156
65865.0,251,0,64370,255,1,64179
65875.0,251,0,64370,255,1,64202
65885.0,251,0,64370,255,1,64225
65895.0,251,0,64370,255,1,64247
65905.0,251,0,64370,255,1,64269
65915.0,250,0,64370,255,1,64290
65925.0,250,0,64370,255,1,64312
65935.0,250,0,64370,255,1,64333
65945.0,250,0,64370,255,1,64353
65955.0,250,0,64370,255,1,64374
65965.0,250,0,64370,255,1,64394
65975.0,250,1,65126,255,1,64413
65985.0,250,0,65126,250,1,64433
65995.0,250,0,65126,250,1,64452
66005.0,250,0,65126,250,1,64471
66015.0,249,0,65126,250,1,64490
66025.0,249,0,65126,250,1,64508
66035.0,249,0,65126,250,1,64527
66045.0,249,0,65126,250,1,64545
66055.0,249,0,65126,250,1,64562
66065.0,249,0,65126,250,1,64580
66075.0,249,0,65126,250,1,64597
66085.0,249,0,65126,250,1,64614
66095.0,248,0,65126,250,1,64631
66105.0,248,0,65126,250,1,64647
66115.0,248,0,65126,250,1,64664
66125.0,248,0,65126,250,1,64680
66135.0,248,0,65126,250,1,64695
66145.0,248,0,65126,250,1,64711
66155.0,248,0,65126,250,1,64726
66165.0,247,0,65126,250,1,64741
66175.0,247,0,65126,250,1,64756
66185.0,247,0,65126,250,1,64770
66195.0,247,0,65126,250,1,64785
66205.0,247,0,65126,250,1,64799
66215.0,247,0,65126,250,1,64812
66225.0,247,0,65126,250,1,64826
66235.0,247,0,65126,250,1,64839
66245.0,246,0,65126,250,1,64852
66255.0,246,0,65126,250,1,64865
66265.0,246,0,65126,250,1,64877
66275.0,246,0,65126,250,1,64890
66285.0,246,0,65126,250,1,64902
66295.0,246,0,65126,250,1,64913
66305.0,245,0,65126,250,1,64925
66315.0,245,0,65126,250,1,64936
66325.0,245,0,65126,250,1,64947
66335.0,245,0,65126,250,1,64958
66345.0,245,0,65126,250,1,64968
66355.0,245,0,65126,250,1,64979
66365.0,245,0,65126,250,1,64989
66375.0,244,0,65126,250,1,64998
66385.0,244,0,65126,250,1,65008
66395.0,244,0,65126,250,1,65017
66405.0,244,0,65126,250,1,65026
66415.0,244,0,65126,250,1,65035
66425.0,244,0,65126,250,1,65043
66435.0,243,0,65126,250,1,65052
66445.0,243,0,65126,250,1,65060
66455.0,243,0,65126,250,1,65067
66465.0,243,0,65126,250,1,65075
66475.0,243,0,65126,250,1,65082
66485.0,243,0,65126,250,1,65089
66495.0,242,0,65126,250,1,65096
66505.0,242,0,65126,250,1,65102
66515.0,242,0,65126,250,1,65109
66525.0,242,0,65126,250,1,65115
66535.0,242,0,65126,250,1,65120
66545.0,242,0,65126,250,1,65126
66555.0,241,0,65126,250,1,65131
66565.0,241,0,65126,250,1,65136
66575.0,241,0,65126,250,1,65141
66585.0,241,0,65126,250,1,65145
66595.0,241,0,65126,250,1,65150
66605.0,240,0,65126,250,1,65154
66615.0,240,1,64554,250,1,65157
66625.0,240,0,64554,240,1,65160
66635.0,240,0,64554,240,1,65163
66645.0,240,0,64554,240,1,65166
66655.0,239,0,64554,240,1,65168
66665.0,239,0,64554,240,1,65170
66675.0,239,0,64554,240,1,65171
66685.0,239,0,64554,240,1,65172
66695.0,239,0,64554,240,1,65173
66705.0,239,0,64554,240,1,65173
66715.0,238,0,64554,240,1,65173
66725.0,238,0,64554,240,1,65172
66735.0,238,0,64554,240,1,65171
66745.0,238,0,64554,240,1,65170
66755.0,238,0,64554,240,1,65169
66765.0,237,0,64554,240,1,65167
66775.0,237,0,64554,240,1,65164
66785.0,237,0,64554,240,1,65161
66795.0,237,0,64554,240,1,65158
66805.0,236,0,64554,240,1,65155
66815.0,236,0,64554,240,1,65151
66825.0,236,0,64554,240,1,65147
66835.0,236,0,64554,240,1,65142
66845.0,236,0,64554,240,1,65137
66855.0,235,0,64554,240,1,65132
66865.0,235,0,64554,240,1,65126
66875.0,235,0,64554,240,1,65120
66885.0,235,0,64554,240,1,65113
66895.0,235,0,64554,240,1,65106
66905.0,234,0,64554,240,1,65099
66915.0,234,0,64554,240,1,65092
66925.0,234,0,64554,240,1,65084
66935.0,234,0,64554,240,1,65075
66945.0,233,0,64554,240,1,65066
66955.0,233,0,64554,240,1,65057
66965.0,233,0,64554,240,1,65048
66975.0,233,0,64554,240,1,65038
66985.0,233,0,64554,240,1,65028
66995.0,232,0,64554,240,1,65017
67005.0,232,0,64554,240,1,65006
67015.0,232,0,64554,240,1,64995
67025.0,232,0,64554,240,1,64983
67035.0,231,0,64554,240,1,64971
67045.0,231,0,64554,240,1,64958
67055.0,231,0,64554,240,1,64945
67065.0,231,0,64554,240,1,64932
67075.0,231,0,64554,240,1,64919
67085.0,230,0,64554,240,1,64905
67095.0,230,0,64554,240,1,64890
67105.0,230,0,64554,240,1,64875
67115.0,230,0,64554,240,1,64860
67125.0,229,0,64554,240,1,64845
67135.0,229,0,64554,240,1,64829
67145.0,229,0,64554,240,1,64813
67155.0,229,0,64554,240,1,64796
67165.0,228,0,64554,240,1,64779
67175.0,228,0,64554,240,1,64762
67185.0,228,0,64554,240,1,64744
67195.0,228,0,64554,240,1,64726
67205.0,227,0,64554,240,1,64707
67215.0,227,0,64554,240,1,64688
67225.0,227,0,64554,240,1,64669
67235.0,227,0,64554,240,1,64650
67245.0,226,0,64554,240,1,64630
67255.0,226,1,62712,240,1,64609
67265.0,226,0,62712,226,1,64589
67275.0,226,0,62712,226,1,64568
67285.0,225,0,62712,226,1,64546
67295.0,225,0,62712,226,1,64525
67305.0,225,0,62712,226,1,64503
67315.0,225,0,62712,226,1,64481
67325.0,224,0,62712,226,1,64458
67335.0,224,0,62712,226,1,64435
67345.0,224,0,62712,226,1,64412
67355.0,224,0,62712,226,1,64389
67365.0,223,0,62712,226,1,64365
67375.0,223,0,62712,226,1,64341
67385.0,223,0,62712,226,1,64317
67395.0,222,0,62712,226,1,64292
67405.0,222,0,62712,226,1,64267
67415.0,222,0,62712,226,1,64242
67425.0,222,0,62712,226,1,64216
67435.0,221,0,62712,226,1,64190
67445.0,221,0,62712,226,1,64164
67455.0,221,0,62712,226,1,64137
67465.0,221,0,62712,226,1,64110
67475.0,220,0,62712,226,1,64083
67485.0,220,0,62712,226,1,64056
67495.0,220,0,62712,226,1,64028
67505.0,219,0,62712,226,1,64000
67515.0,219,0,62712,226,1,63971
67525.0,219,0,62712,226,1,63943
67535.0,219,0,62712,226,1,63914
67545.0,218,0,62712,226,1,63884
67555.0,218,0,62712,226,1,63855
67565.0,218,0,62712,226,1,63825
67575.0,218,0,62712,226,1,63794
67585.0,217,0,62712,226,1,63764
67595.0,217,0,62712,226,1,63733
67605.0,217,0,62712,226,1,63701
67615.0,216,0,62712,226,1,63670
67625.0,216,0,62712,226,1,63638
67635.0,216,0,62712,226,1,63606
67645.0,216,0,62712,226,1,63573
67655.0,215,0,62712,226,1,63540
67665.0,215,0,62712,226,1,63507
67675.0,215,0,62712,226,1,63474
67685.0,214,0,62712,226,1,63440
67695.0,214,0,62712,226,1,63406
67705.0,214,0,62712,226,1,63372
67715.0,213,0,62712,226,1,63337
67725.0,213,0,62712,226,1,63302
67735.0,213,0,62712,226,1,63267
67745.0,213,0,62712,226,1,63231
67755.0,212,0,62712,226,1,63195
67765.0,212,0,62712,226,1,63159
67775.0,212,0,62712,226,1,63122
67785.0,211,0,62712,226,1,63085
67795.0,211,0,62712,226,1,63048
67805.0,211,0,62712,226,1,63011
67815.0,210,0,62712,226,1,62973
67825.0,210,0,62712,226,1,62935
67835.0,210,0,62712,226,1,62896
67845.0,210,0,62712,226,1,62858
67855.0,209,0,62712,226,1,62819
67865.0,209,0,62712,226,1,62779
67875.0,209,0,62712,226,1,62740
67885.0,208,0,62712,226,1,62700
67895.0,208,1,59666,226,1,62659
67905.0,208,0,59666,208,1,62619
67915.0,207,0,59666,208,1,62578
67925.0,207,0,59666,208,1,62537
67935.0,207,0,59666,208,1,62496
67945.0,206,0,59666,208,1,62454
67955.0,206,0,59666,208,1,62413
67965.0,206,0,59666,208,1,62371
67975.0,206,0,59666,208,1,62328
67985.0,205,0,59666,208,1,62286
67995.0,205,0,59666,208,1,62243
68005.0,205,0,59666,208,1,62200
68015.0,204,0,59666,208,1,62157
68025.0,204,0,59666,208,1,62113
68035.0,204,0,59666,208,1,62070
68045.0,203,0,59666,208,1,62026
68055.0,203,0,59666,208,1,61981
68065.0,203,0,59666,208,1,61937
68075.0,202,0,59666,208,1,61892
68085.0,202,0,59666,208,1,61847
68095.0,202,0,59666,208,1,61802
68105.0,201,0,59666,208,1,61756
68115.0,201,0,59666,208,1,61711
68125.0,201,0,59666,208,1,61665
68135.0,200,0,59666,208,1,61618
68145.0,200,0,59666,208,1,61572
68155.0,200,0,59666,208,1,61525
68165.0,199,0,59666,208,1,61478
68175.0,199,0,59666,208,1,61431
68185.0,199,0,59666,208,1,61383
68195.0,198,0,59666,208,1,61336
68205.0,198,0,59666,208,1,61288
68215.0,198,0,59666,208,1,61239
68225.0,197,0,59666,208,1,61191
68235.0,197,0,59666,208,1,61142
68245.0,197,0,59666,208,1,61093
68255.0,196,0,59666,208,1,61044
68265.0,196,0,59666,208,1,60994
68275.0,196,0,59666,208,1,60945
68285.0,195,0,59666,208,1,60895
68295.0,195,0,59666,208,1,60844
68305.0,195,0,59666,208,1,60794
68315.0,194,0,59666,208,1,60743
68325.0,194,0,59666,208,1,60692
68335.0,194,0,59666,208,1,60641
68345.0,193,0,59666,208,1,60589
68355.0,193,0,59666,208,1,60538
68365.0,193,0,59666,208,1,60486
68375.0,192,0,59666,208,1,60433
68385.0,192,0,59666,208,1,60381
68395.0,192,0,59666,208,1,60328
68405.0,191,0,59666,208,1,60275
68415.0,191,0,59666,208,1,60222
68425.0,191,0,59666,208,1,60168
68435.0,190,0,59666,208,1,60115
68445.0,190,0,59666,208,1,60061
68455.0,190,0,59666,208,1,60006
68465.0,189,0,59666,208,1,59952
68475.0,189,0,59666,208,1,59897
68485.0,188,0,59666,208,1,59842
68495.0,188,0,59666,208,1,59787
68505.0,188,0,59666,208,1,59731
68515.0,187,0,59666,208,1,59676
68525.0,187,0,59666,208,1,59620
68535.0,187,1,55534,208,1,59563
68545.0,186,0,55534,186,1,59507
68555.0,186,0,55534,186,1,59450
68565.0,186,0,55534,186,1,59393
68575.0,185,0,55534,186,1,59336
68585.0,185,0,55534,186,1,59278
68595.0,185,0,55534,186,1,59221
68605.0,184,0,55534,186,1,59163
68615.0,184,0,55534,186,1,59104
68625.0,184,0,55534,186,1,59046
68635.0,183,0,55534,186,1,58987
68645.0,183,0,55534,186,1,58928
68655.0,182,0,55534,186,1,58869
68665.0,182,0,55534,186,1,58809
68675.0,182,0,55534,186,1,58750
68685.0,181,0,55534,186,1,58690
68695.0,181,0,55534,186,1,58629
68705.0,181,0,55534,186,1,58569
68715.0,180,0,55534,186,1,58508
68725.0,180,0,55534,186,1,58447
68735.0,180,0,55534,186,1,58386
68745.0,179,0,55534,186,1,58324
68755.0,179,0,55534,186,1,58263
68765.0,178,0,55534,186,1,58201
68775.0,178,0,55534,186,1,58138
68785.0,178,0,55534,186,1,58076
68795.0,177,0,55534,186,1,58013
68805.0,177,0,55534,186,1,57950
68815.0,177,0,55534,186,1,57887
68825.0,176,0,55534,186,1,57823
68835.0,176,0,55534,186,1,57760
68845.0,175,0,55534,186,1,57696
68855.0,175,0,55534,186,1,57631
68865.0,175,0,55534,186,1,57567
68875.0,174,0,55534,186,1,57502
68885.0,174,0,55534,186,1,57437
68895.0,174,0,55534,186,1,57372
68905.0,173,0,55534,186,1,57306
68915.0,173,0,55534,186,1,57241
68925.0,173,0,55534,186,1,57175
68935.0,172,0,55534,186,1,57108
68945.0,172,0,55534,186,1,57042
68955.0,171,0,55534,186,1,56975
68965.0,171,0,55534,186,1,56908
68975.0,171,0,55534,186,1,56841
68985.0,170,0,55534,186,1,56773
68995.0,170,0,55534,186,1,56706
69005.0,170,0,55534,186,1,56638
69015.0,169,0,55534,186,1,56569
69025.0,169,0,55534,186,1,56501
69035.0,168,0,55534,186,1,56432
69045.0,168,0,55534,186,1,56363
69055.0,168,0,55534,186,1,56294
69065.0,167,0,55534,186,1,56224
69075.0,167,0,55534,186,1,56155
69085.0,166,0,55534,186,1,56085
69095.0,166,0,55534,186,1,56014
69105.0,166,0,55534,186,1,55944
69115.0,165,0,55534,186,1,55873
69125.0,165,0,55534,186,1,55802
69135.0,165,0,55534,186,1,55731
69145.0,164,0,55534,186,1,55659
69155.0,164,0,55534,186,1,55588
69165.0,163,0,55534,186,1,55516
69175.0,163,1,50484,186,1,55443
69185.0,163,0,50484,163,1,55371
69195.0,162,0,50484,163,1,55298
69205.0,162,0,50484,163,1,55225
69215.0,162,0,50484,163,1,55152
69225.0,161,0,50484,163,1,55078
69235.0,161,0,50484,163,1,55005
69245.0,160,0,50484,163,1,54931
69255.0,160,0,50484,163,1,54856
69265.0,160,0,50484,163,1,54782
69275.0,159,0,50484,163,1,54707
69285.0,159,0,50484,163,1,54632
69295.0,158,0,50484,163,1,54557
69305.0,158,0,50484,163,1,54481
69315.0,158,0,50484,163,1,54406
69325.0,157,0,50484,163,1,54330
69335.0,157,0,50484,163,1,54253
69345.0,156,0,50484,163,1,54177
69355.0,156,0,50484,163,1,54100
69365.0,156,0,50484,163,1,54023
69375.0,155,0,50484,163,1,53946
69385.0,155,0,50484,163,1,53868
69395.0,155,0,50484,163,1,53791
69405.0,154,0,50484,163,1,53713
69415.0,154,0,50484,163,1,53634
69425.0,153,0,50484,163,1,53556
69435.0,153,0,50484,163,1,53477
69445.0,153,0,50484,163,1,53398
69455.0,152,0,50484,163,1,53319
69465.0,152,0,50484,163,1,53239
69475.0,151,0,50484,163,1,53160
69485.0,151,0,50484,163,1,53080
69495.0,151,0,50484,163,1,52999
69505.0,150,0,50484,163,1,52919
69515.0,150,0,50484,163,1,52838
69525.0,149,0,50484,163,1,52757
69535.0,149,0,50484,163,1,52676
69545.0,149,0,50484,163,1,52594
69555.0,148,0,50484,163,1,52513
69565.0,148,0,50484,163,1,52431
69575.0,147,0,50484,163,1,52348
69585.0,147,0,50484,163,1,52266
69595.0,147,0,50484,163,1,52183
69605.0,146,0,50484,163,1,52100
69615.0,146,0,50484,163,1,52017
69625.0,145,0,50484,163,1,51933
69635.0,145,0,50484,163,1,51850
69645.0,145,0,50484,163,1,51766
69655.0,144,0,50484,163,1,51681
69665.0,144,0,50484,163,1,51597
69675.0,144,0,50484,163,1,51512
69685.0,143,0,50484,163,1,51427
69695.0,143,0,50484,163,1,51342
69705.0,142,0,50484,163,1,51256
69715.0,142,0,50484,163,1,51171
69725.0,142,0,50484,163,1,51085
69735.0,141,0,50484,163,1,50998
69745.0,141,0,50484,163,1,50912
69755.0,140,0,50484,163,1,50825
69765.0,140,0,50484,163,1,50738
69775.0,140,0,50484,163,1,50651
69785.0,139,0,50484,163,1,50563
69795.0,139,0,50484,163,1,50476
69805.0,138,0,50484,163,1,50388
69815.0,138,1,44724,163,1,50299
69825.0,138,0,44724,138,1,50211
69835.0,137,0,44724,138,1,50123
69845.0,137,0,44724,138,1,50035
69855.0,136,0,44724,138,1,49947
69865.0,136,0,44724,138,1,49858
69875.0,136,0,44724,138,1,49770
69885.0,135,0,44724,138,1,49681
69895.0,135,0,44724,138,1,49593
69905.0,134,0,44724,138,1,49504
69915.0,134,0,44724,138,1,49415
69925.0,134,0,44724,138,1,49327
69935.0,133,0,44724,138,1,49238
69945.0,133,0,44724,138,1,49149
69955.0,132,0,44724,138,1,49060
69965.0,132,0,44724,138,1,48971
69975.0,132,0,44724,138,1,48882
69985.0,131,0,44724,138,1,48793
69995.0,131,0,44724,138,1,48704
70005.0,130,0,44724,138,1,48614
70015.0,130,0,44724,138,1,48525
70025.0,130,0,44724,138,1,48436
70035.0,129,0,44724,138,1,48346
70045.0,129,0,44724,138,1,48257
70055.0,128,0,44724,138,1,48167
70065.0,128,0,44724,138,1,48078
70075.0,128,0,44724,138,1,47988
70085.0,127,0,44724,138,1,47898
70095.0,127,0,44724,138,1,47808
70105.0,126,0,44724,138,1,47718
70115.0,126,0,44724,138,1,47629
70125.0,126,0,44724,138,1,47539
70135.0,125,0,44724,138,1,47448
70145.0,125,0,44724,138,1,47358
70155.0,124,0,44724,138,1,47268
70165.0,124,0,44724,138,1,47178
70175.0,124,0,44724,138,1,47088
70185.0,123,0,44724,138,1,46997
70195.0,123,0,44724,138,1,46907
70205.0,122,0,44724,138,1,46816
70215.0,122,0,44724,138,1,46726
70225.0,122,0,44724,138,1,46635
70235.0,121,0,44724,138,1,46544
70245.0,121,0,44724,138,1,46454
70255.0,120,0,44724,138,1,46363
70265.0,120,0,44724,138,1,46272
70275.0,120,0,44724,138,1,46181
70285.0,119,0,44724,138,1,46090
70295.0,119,0,44724,138,1,45999
70305.0,118,0,44724,138,1,45908
70315.0,118,0,44724,138,1,45817
70325.0,118,0,44724,138,1,45725
70335.0,117,0,44724,138,1,45634
70345.0,117,0,44724,138,1,45543
70355.0,116,0,44724,138,1,45451
70365.0,116,0,44724,138,1,45360
70375.0,116,0,44724,138,1,45268
70385.0,115,0,44724,138,1,45177
70395.0,115,0,44724,138,1,45085
70405.0,114,0,44724,138,1,44993
70415.0,114,0,44724,138,1,44901
70425.0,114,0,44724,138,1,44809
70435.0,113,0,44724,138,1,44718
70445.0,113,0,44724,138,1,44626
70455.0,112,1,38480,138,1,44533
70465.0,112,0,38480,112,1,44441
70475.0,112,0,38480,112,1,44349
70485.0,111,0,38480,112,1,44256
70495.0,111,0,38480,112,1,44164
70505.0,111,0,38480,112,1,44071
70515.0,110,0,38480,112,1,43978
70525.0,110,0,38480,112,1,43885
70535.0,109,0,38480,112,1,43792
70545.0,109,0,38480,112,1,43699
70555.0,109,0,38480,112,1,43605
70565.0,108,0,38480,112,1,43512
70575.0,108,0,38480,112,1,43418
70585.0,107,0,38480,112,1,43324
70595.0,107,0,38480,112,1,43231
70605.0,107,0,38480,112,1,43137
70615.0,106,0,38480,112,1,43042
70625.0,106,0,38480,112,1,42948
70635.0,105,0,38480,112,1,42854
70645.0,105,0,38480,112,1,42759
70655.0,105,0,38480,112,1,42665
70665.0,104,0,38480,112,1,42570
70675.0,104,0,38480,112,1,42475
70685.0,103,0,38480,112,1,42380
70695.0,103,0,38480,112,1,42285
70705.0,103,0,38480,112,1,42190
70715.0,102,0,38480,112,1,42094
70725.0,102,0,38480,112,1,41999
70735.0,101,0,38480,112,1,41903
70745.0,101,0,38480,112,1,41807
70755.0,101,0,38480,112,1,41712
70765.0,100,0,38480,112,1,41616
70775.0,100,0,38480,112,1,41519
70785.0,100,0,38480,112,1,41423
70795.0,99,0,38480,112,1,41327
70805.0,99,0,38480,112,1,41230
70815.0,98,0,38480,112,1,41134
70825.0,98,0,38480,112,1,41037
70835.0,98,0,38480,112,1,40940
70845.0,97,0,38480,112,1,40843
70855.0,97,0,38480,112,1,40746
70865.0,96,0,38480,112,1,40649
70875.0,96,0,38480,112,1,40551
70885.0,96,0,38480,112,1,40454
70895.0,95,0,38480,112,1,40356
70905.0,95,0,38480,112,1,40258
70915.0,94,0,38480,112,1,40161
70925.0,94,0,38480,112,1,40063
70935.0,94,0,38480,112,1,39964
70945.0,93,0,38480,112,1,39866
70955.0,93,0,38480,112,1,39768
70965.0,93,0,38480,112,1,39669
70975.0,92,0,38480,112,1,39571
70985.0,92,0,38480,112,1,39472
70995.0,91,0,38480,112,1,39373
71005.0,91,0,38480,112,1,39274
71015.0,91,0,38480,112,1,39175
71025.0,90,0,38480,112,1,39076
71035.0,90,0,38480,112,1,38976
71045.0,90,0,38480,112,1,38877
71055.0,89,0,38480,112,1,38777
71065.0,89,0,38480,112,1,38677
71075.0,88,0,38480,112,1,38578
71085.0,88,0,38480,112,1,38478
71095.0,88,1,32005,112,1,38377
71105.0,87,0,32005,87,1,38277
71115.0,87,0,32005,87,1,38177
71125.0,86,0,32005,87,1,38077
71135.0,86,0,32005,87,1,37977
71145.0,86,0,32005,87,1,37876
71155.0,85,0,32005,87,1,37776
71165.0,85,0,32005,87,1,37675
71175.0,85,0,32005,87,1,37575
71185.0,84,0,32005,87,1,37474
71195.0,84,0,32005,87,1,37373
71205.0,83,0,32005,87,1,37273
71215.0,83,0,32005,87,1,37172
71225.0,83,0,32005,87,1,37071
71235.0,82,0,32005,87,1,36970
71245.0,82,0,32005,87,1,36869
71255.0,82,0,32005,87,1,36768
71265.0,81,0,32005,87,1,36667
71275.0,81,0,32005,87,1,36566
71285.0,81,0,32005,87,1,36464
71295.0,80,0,32005,87,1,36363
71305.0,80,0,32005,87,1,36262
71315.0,79,0,32005,87,1,36160
71325.0,79,0,32005,87,1,36059
71335.0,79,0,32005,87,1,35957
71345.0,78,0,32005,87,1,35856
71355.0,78,0,32005,87,1,35754
71365.0,78,0,32005,87,1,35652
71375.0,77,0,32005,87,1,35550
71385.0,77,0,32005,87,1,35448
71395.0,76,0,32005,87,1,35347
71405.0,76,0,32005,87,1,35245
71415.0,76,0,32005,87,1,35142
71425.0,75,0,32005,87,1,35040
71435.0,75,0,32005,87,1,34938
71445.0,75,0,32005,87,1,34836
71455.0,74,0,32005,87,1,34734
71465.0,74,0,32005,87,1,34631
71475.0,74,0,32005,87,1,34529
71485.0,73,0,32005,87,1,34426
71495.0,73,0,32005,87,1,34324
71505.0,72,0,32005,87,1,34221
71515.0,72,0,32005,87,1,34118
71525.0,72,0,32005,87,1,34016
71535.0,71,0,32005,87,1,33913
71545.0,71,0,32005,87,1,33810
71555.0,71,0,32005,87,1,33707
71565.0,70,0,32005,87,1,33604
71575.0,70,0,32005,87,1,33501
71585.0,70,0,32005,87,1,33398
71595.0,69,0,32005,87,1,33295
71605.0,69,0,32005,87,1,33191
71615.0,69,0,32005,87,1,33088
71625.0,68,0,32005,87,1,32985
71635.0,68,0,32005,87,1,32881
71645.0,68,0,32005,87,1,32778
71655.0,67,0,32005,87,1,32674
71665.0,67,0,32005,87,1,32571
71675.0,66,0,32005,87,1,32467
71685.0,66,0,32005,87,1,32363
71695.0,66,0,32005,87,1,32259
71705.0,65,0,32005,87,1,32155
71715.0,65,0,32005,87,1,32052
71725.0,65,0,32005,87,1,31948
71735.0,64,1,25562,87,1,31844
71745.0,64,0,25562,64,1,31740
71755.0,64,0,25562,64,1,31636
71765.0,63,0,25562,64,1,31532
71775.0,63,0,25562,64,1,31428
71785.0,63,0,25562,64,1,31325
71795.0,62,0,25562,64,1,31221
71805.0,62,0,25562,64,1,31118
71815.0,62,0,25562,64,1,31014
71825.0,61,0,25562,64,1,30911
71835.0,61,0,25562,64,1,30808
71845.0,61,0,25562,64,1,30704
71855.0,60,0,25562,64,1,30601
71865.0,60,0,25562,64,1,30498
71875.0,60,0,25562,64,1,30395
71885.0,59,0,25562,64,1,30292
71895.0,59,0,25562,64,1,30189
71905.0,59,0,25562,64,1,30086
71915.0,58,0,25562,64,1,29983
71925.0,58,0,25562,64,1,29881
71935.0,58,0,25562,64,1,29778
71945.0,57,0,25562,64,1,29675
71955.0,57,0,25562,64,1,29573
71965.0,57,0,25562,64,1,29470
71975.0,56,0,25562,64,1,29368
71985.0,56,0,25562,64,1,29265
71995.0,56,0,25562,64,1,29163
72005.0,55,0,25562,64,1,29061
72015.0,55,0,25562,64,1,28959
72025.0,55,0,25562,64,1,28857
72035.0,54,0,25562,64,1,28755
72045.0,54,0,25562,64,1,28653
72055.0,54,0,25562,64,1,28551
72065.0,53,0,25562,64,1,28449
72075.0,53,0,25562,64,1,28347
72085.0,53,0,25562,64,1,28245
72095.0,52,0,25562,64,1,28143
72105.0,52,0,25562,64,1,28042
72115.0,52,0,25562,64,1,27940
72125.0,51,0,25562,64,1,27839
72135.0,51,0,25562,64,1,27737
72145.0,51,0,25562,64,1,27636
72155.0,50,0,25562,64,1,27535
72165.0,50,0,25562,64,1,27433
72175.0,50,0,25562,64,1,27332
72185.0,50,0,25562,64,1,27231
72195.0,49,0,25562,64,1,27130
72205.0,49,0,25562,64,1,27029
72215.0,49,0,25562,64,1,26928
72225.0,48,0,25562,64,1,26827
72235.0,48,0,25562,64,1,26726
72245.0,48,0,25562,64,1,26626
72255.0,47,0,25562,64,1,26525
72265.0,47,0,25562,64,1,26424
72275.0,47,0,25562,64,1,26324
72285.0,46,0,25562,64,1,26223
72295.0,46,0,25562,64,1,26123
72305.0,46,0,25562,64,1,26022
72315.0,46,0,25562,64,1,25922
72325.0,45,0,25562,64,1,25822
72335.0,45,0,25562,64,1,25722
72345.0,45,0,25562,64,1,25622
72355.0,44,0,25562,64,1,25522
72365.0,44,0,25562,64,1,25422
72375.0,44,1,19409,64,1,25322
72385.0,43,0,19409,43,1,25222
72395.0,43,0,19409,43,1,25122
72405.0,43,0,19409,43,1,25023
72415.0,43,0,19409,43,1,24923
72425.0,42,0,19409,43,1,24824
72435.0,42,0,19409,43,1,24725
72445.0,42,0,19409,43,1,24626
72455.0,41,0,19409,43,1,24527
72465.0,41,0,19409,43,1,24428
72475.0,41,0,19409,43,1,24330
72485.0,40,0,19409,43,1,24231
72495.0,40,0,19409,43,1,24133
72505.0,40,0,19409,43,1,24035
72515.0,40,0,19409,43,1,23937
72525.0,39,0,19409,43,1,23839
72535.0,39,0,19409,43,1,23741
72545.0,39,0,19409,43,1,23643
72555.0,38,0,19409,43,1,23545
72565.0,38,0,19409,43,1,23448
72575.0,38,0,19409,43,1,23350
72585.0,38,0,19409,43,1,23253
72595.0,37,0,19409,43,1,23156
72605.0,37,0,19409,43,1,23059
72615.0,37,0,19409,43,1,22962
72625.0,37,0,19409,43,1,22865
72635.0,36,0,19409,43,1,22769
72645.0,36,0,19409,43,1,22672
72655.0,36,0,19409,43,1,22576
72665.0,35,0,19409,43,1,22480
72675.0,35,0,19409,43,1,22384
72685.0,35,0,19409,43,1,22288
72695.0,35,0,19409,43,1,22192
72705.0,34,0,19409,43,1,22096
72715.0,34,0,19409,43,1,22000
72725.0,34,0,19409,43,1,21905
72735.0,34,0,19409,43,1,21809
72745.0,33,0,19409,43,1,21714
72755.0,33,0,19409,43,1,21619
72765.0,33,0,19409,43,1,21524
72775.0,32,0,19409,43,1,21429
72785.0,32,0,19409,43,1,21334
72795.0,32,0,19409,43,1,21240
72805.0,32,0,19409,43,1,21145
72815.0,31,0,19409,43,1,21051
72825.0,31,0,19409,43,1,20957
72835.0,31,0,19409,43,1,20863
72845.0,31,0,19409,43,1,20769
72855.0,30,0,19409,43,1,20675
72865.0,30,0,19409,43,1,20581
72875.0,30,0,19409,43,1,20487
72885.0,30,0,19409,43,1,20394
72895.0,29,0,19409,43,1,20300
72905.0,29,0,19409,43,1,20207
72915.0,29,0,19409,43,1,20114
72925.0,29,0,19409,43,1,20021
72935.0,28,0,19409,43,1,19928
72945.0,28,0,19409,43,1,19835
72955.0,28,0,19409,43,1,19743
72965.0,28,0,19409,43,1,19650
72975.0,27,0,19409,43,1,19558
72985.0,27,0,19409,43,1,19466
72995.0,27,0,19409,43,1,19374
73005.0,27,0,19409,43,1,19282
73015.0,26,1,13796,43,1,19190
73025.0,26,0,13796,26,1,19098
73035.0,26,0,13796,26,1,19006
73045.0,26,0,13796,26,1,18915
73055.0,25,0,13796,26,1,18823
73065.0,25,0,13796,26,1,18732
73075.0,25,0,13796,26,1,18641
73085.0,25,0,13796,26,1,18550
73095.0,25,0,13796,26,1,18459
73105.0,24,0,13796,26,1,18368
73115.0,24,0,13796,26,1,18278
73125.0,24,0,13796,26,1,18187
73135.0,24,0,13796,26,1,18097
73145.0,23,0,13796,26,1,18007
73155.0,23,0,13796,26,1,17917
73165.0,23,0,13796,26,1,17827
73175.0,23,0,13796,26,1,17737
73185.0,23,0,13796,26,1,17647
73195.0,22,0,13796,26,1,17557
73205.0,22,0,13796,26,1,17468
73215.0,22,0,13796,26,1,17378
73225.0,22,0,13796,26,1,17289
73235.0,21,0,13796,26,1,17200
73245.0,21,0,13796,26,1,17111
73255.0,21,0,13796,26,1,17022
73265.0,21,0,13796,26,1,16933
73275.0,21,0,13796,26,1,16845
73285.0,20,0,13796,26,1,16756
73295.0,20,0,13796,26,1,16668
73305.0,20,0,13796,26,1,16580
73315.0,20,0,13796,26,1,16492
73325.0,20,0,13796,26,1,16404
73335.0,19,0,13796,26,1,16316
73345.0,19,0,13796,26,1,16228
73355.0,19,0,13796,26,1,16140
73365.0,19,0,13796,26,1,16053
73375.0,18,0,13796,26,1,15965
73385.0,18,0,13796,26,1,15878
73395.0,18,0,13796,26,1,15791
73405.0,18,0,13796,26,1,15704
73415.0,18,0,13796,26,1,15617
73425.0,17,0,13796,26,1,15530
73435.0,17,0,13796,26,1,15444
73445.0,17,0,13796,26,1,15357
73455.0,17,0,13796,26,1,15271
73465.0,17,0,13796,26,1,15185
73475.0,17,0,13796,26,1,15099
73485.0,16,0,13796,26,1,15013
73495.0,16,0,13796,26,1,14927
73505.0,16,0,13796,26,1,14841
73515.0,16,0,13796,26,1,14755
73525.0,16,0,13796,26,1,14670
73535.0,15,0,13796,26,1,14584
73545.0,15,0,13796,26,1,14499
73555.0,15,0,13796,26,1,14414
73565.0,15,0,13796,26,1,14329
73575.0,15,0,13796,26,1,14244
73585.0,14,0,13796,26,1,14159
73595.0,14,0,13796,26,1,14075
73605.0,14,0,13796,26,1,13990
73615.0,14,0,13796,26,1,13906
73625.0,14,0,13796,26,1,13822
73635.0,14,0,13796,26,1,13738
73645.0,13,0,13796,26,1,13654
73655.0,13,1,8943,26,1,13570
73665.0,13,0,8943,13,1,13486
73675.0,13,0,8943,13,1,13403
73685.0,13,0,8943,13,1,13320
73695.0,13,0,8943,13,1,13237
73705.0,12,0,8943,13,1,13155
73715.0,12,0,8943,13,1,13073
73725.0,12,0,8943,13,1,12991
73735.0,12,0,8943,13,1,12909
73745.0,12,0,8943,13,1,12827
73755.0,12,0,8943,13,1,12746
73765.0,11,0,8943,13,1,12665
73775.0,11,0,8943,13,1,12584
73785.0,11,0,8943,13,1,12504
73795.0,11,0,8943,13,1,12424
73805.0,11,0,8943,13,1,12344
73815.0,11,0,8943,13,1,12264
73825.0,11,0,8943,13,1,12184
73835.0,10,0,8943,13,1,12105
73845.0,10,0,8943,13,1,12026
73855.0,10,0,8943,13,1,11947
73865.0,10,0,8943,13,1,11869
73875.0,10,0,8943,13,1,11791
73885.0,10,0,8943,13,1,11713
73895.0,9,0,8943,13,1,11635
73905.0,9,0,8943,13,1,11557
73915.0,9,0,8943,13,1,11480
73925.0,9,0,8943,13,1,11403
73935.0,9,0,8943,13,1,11326
73945.0,9,0,8943,13,1,11250
73955.0,9,0,8943,13,1,11174
73965.0,9,0,8943,13,1,11098
73975.0,8,0,8943,13,1,11022
73985.0,8,0,8943,13,1,10946
73995.0,8,0,8943,13,1,10871
74005.0,8,0,8943,13,1,10796
74015.0,8,0,8943,13,1,10721
74025.0,8,0,8943,13,1,10647
74035.0,8,0,8943,13,1,10573
74045.0,7,0,8943,13,1,10499
74055.0,7,0,8943,13,1,10425
74065.0,7,0,8943,13,1,10351
74075.0,7,0,8943,13,1,10278
74085.0,7,0,8943,13,1,10205
74095.0,7,0,8943,13,1,10132
74105.0,7,0,8943,13,1,10060
74115.0,7,0,8943,13,1,9988
74125.0,6,0,8943,13,1,9916
74135.0,6,0,8943,13,1,9844
74145.0,6,0,8943,13,1,9772
74155.0,6,0,8943,13,1,9701
74165.0,6,0,8943,13,1,9630
74175.0,6,0,8943,13,1,9559
74185.0,6,0,8943,13,1,9489
74195.0,6,0,8943,13,1,9419
74205.0,6,0,8943,13,1,9349
74215.0,6,0,8943,13,1,9279
74225.0,5,0,8943,13,1,9209
74235.0,5,0,8943,13,1,9140
74245.0,5,0,8943,13,1,9071
74255.0,5,0,8943,13,1,9002
74265.0,5,0,8943,13,1,8934
74275.0,5,0,8943,13,1,8866
74285.0,5,0,8943,13,1,8798
74295.0,5,1,5053,13,1,8730
74305.0,5,0,5053,5,1,8662
74315.0,5,0,5053,5,1,8595
74325.0,4,0,5053,5,1,8528
74335.0,4,0,5053,5,1,8461
74345.0,4,0,5053,5,1,8395
74355.0,4,0,5053,5,1,8329
74365.0,4,0,5053,5,1,8263
74375.0,4,0,5053,5,1,8197
74385.0,4,0,5053,5,1,8131
74395.0,4,0,5053,5,1,8066
74405.0,4,0,5053,5,1,8001
74415.0,4,0,5053,5,1,7936
74425.0,4,0,5053,5,1,7872
74435.0,3,0,5053,5,1,7808
74445.0,3,0,5053,5,1,7744
74455.0,3,0,5053,5,1,7680
74465.0,3,0,5053,5,1,7616
74475.0,3,0,5053,5,1,7553
74485.0,3,0,5053,5,1,7490
74495.0,3,0,5053,5,1,7427
74505.0,3,0,5053,5,1,7365
74515.0,3,0,5053,5,1,7303
74525.0,3,0,5053,5,1,7241
74535.0,3,0,5053,5,1,7179
74545.0,3,0,5053,5,1,7117
74555.0,3,0,5053,5,1,7056
74565.0,3,0,5053,5,1,6995
74575.0,3,0,5053,5,1,6934
74585.0,2,0,5053,5,1,6874
74595.0,2,0,5053,5,1,6814
74605.0,2,0,5053,5,1,6754
74615.0,2,0,5053,5,1,6694
74625.0,2,0,5053,5,1,6634
74635.0,2,0,5053,5,1,6575
74645.0,2,0,5053,5,1,6516
74655.0,2,0,5053,5,1,6457
74665.0,2,0,5053,5,1,6399
74675.0,2,0,5053,5,1,6341
74685.0,2,0,5053,5,1,6283
74695.0,2,0,5053,5,1,6225
74705.0,2,0,5053,5,1,6167
74715.0,2,0,5053,5,1,6110
74725.0,2,0,5053,5,1,6053
74735.0,2,0,5053,5,1,5996
74745.0,2,0,5053,5,1,5940
74755.0,2,0,5053,5,1,5884
74765.0,2,0,5053,5,1,5828
74775.0,2,0,5053,5,1,5772
74785.0,1,0,5053,5,1,5716
74795.0,1,0,5053,5,1,5661
74805.0,1,0,5053,5,1,5606
74815.0,1,0,5053,5,1,5551
74825.0,1,0,5053,5,1,5497
74835.0,1,0,5053,5,1,5443
74845.0,1,0,5053,5,1,5389
74855.0,1,0,5053,5,1,5335
74865.0,1,0,5053,5,1,5281
74875.0,1,0,5053,5,1,5228
74885.0,1,0,5053,5,1,5175
74895.0,1,0,5053,5,1,5122
74905.0,1,0,5053,5,1,5070
74915.0,1,0,5053,5,1,5018
74925.0,1,0,5053,5,1,4966
74935.0,1,1,2281,5,1,4914
74945.0,1,0,2281,1,1,4862
74955.0,1,0,2281,1,1,4811
74965.0,1,0,2281,1,1,4761
74975.0,1,0,2281,1,1,4710
74985.0,1,0,2281,1,1,4660
74995.0,1,0,2281,1,1,4610
75005.0,1,0,2281,1,1,4561
75015.0,1,0,2281,1,1,4512
75025.0,1,0,2281,1,1,4463
75035.0,1,0,2281,1,1,4414
75045.0,1,0,2281,1,1,4366
75055.0,1,0,2281,1,1,4318
75065.0,1,0,2281,1,1,4270
75075.0,1,0,2281,1,1,4223
75085.0,1,0,2281,1,1,4176
75095.0,1,0,2281,1,1,4129
75105.0,1,0,2281,1,1,4083
75115.0,1,0,2281,1,1,4037
75125.0,1,0,2281,1,1,3991
75135.0,1,0,2281,1,1,3946
75145.0,1,0,2281,1,1,3901
75155.0,1,0,2281,1,1,3856
75165.0,1,0,2281,1,1,3811
75175.0,1,0,2281,1,1,3767
75185.0,1,0,2281,1,1,3723
75195.0,1,0,2281,1,1,3680
75205.0,1,0,2281,1,1,3636
75215.0,1,0,2281,1,1,3593
75225.0,1,0,2281,1,1,3551
75235.0,1,0,2281,1,1,3509
75245.0,1,0,2281,1,1,3467
75255.0,1,0,2281,1,1,3425
75265.0,1,0,2281,1,1,3383
75275.0,1,0,2281,1,1,3342
75285.0,1,0,2281,1,1,3302
75295.0,1,0,2281,1,1,3261
75305.0,1,0,2281,1,1,3221
75315.0,1,0,2281,1,1,3181
75325.0,1,0,2281,1,1,3142
75335.0,1,0,2281,1,1,3103
75345.0,1,0,2281,1,1,3064
75355.0,2,0,2281,1,1,3025
75365.0,2,0,2281,1,1,2987
75375.0,2,0,2281,1,1,2949
75385.0,2,0,2281,1,1,2911
75395.0,2,0,2281,1,1,2874
75405.0,2,0,2281,1,1,2837
75415.0,2,0,2281,1,1,2800
75425.0,2,0,2281,1,1,2764
75435.0,2,0,2281,1,1,2728
75445.0,2,0,2281,1,1,2692
75455.0,2,0,2281,1,1,2657
75465.0,2,0,2281,1,1,2622
75475.0,2,0,2281,1,1,2587
75485.0,2,0,2281,1,1,2552
75495.0,2,0,2281,1,1,2518
75505.0,2,0,2281,1,1,2484
75515.0,2,0,2281,1,1,2451
75525.0,2,0,2281,1,1,2417
75535.0,2,0,2281,1,1,2384
75545.0,2,0,2281,1,1,2352
75555.0,3,0,2281,1,1,2320
75565.0,3,0,2281,1,1,2288
75575.0,3,1,729,1,1,2256
75585.0,3,0,729,3,1,2224
75595.0,3,0,729,3,1,2193
75605.0,3,0,729,3,1,2162
75615.0,3,0,729,3,1,2131
75625.0,3,0,729,3,1,2101
75635.0,3,0,729,3,1,2071
75645.0,3,0,729,3,1,2041
75655.0,3,0,729,3,1,2011
75665.0,3,0,729,3,1,1981
75675.0,3,0,729,3,1,1952
75685.0,3,0,729,3,1,1923
75695.0,3,0,729,3,1,1894
75705.0,4,0,729,3,1,1866
75715.0,4,0,729,3,1,1838
75725.0,4,0,729,3,1,1810
75735.0,4,0,729,3,1,1782
75745.0,4,0,729,3,1,1754
75755.0,4,0,729,3,1,1727
75765.0,4,0,729,3,1,1700
75775.0,4,0,729,3,1,1673
75785.0,4,0,729,3,1,1647
75795.0,4,0,729,3,1,1621
75805.0,4,0,729,3,1,1595
75815.0,5,0,729,3,1,1569
75825.0,5,0,729,3,1,1543
75835.0,5,0,729,3,1,1518
75845.0,5,0,729,3,1,1493
75855.0,5,0,729,3,1,1468
75865.0,5,0,729,3,1,1444
75875.0,5,0,729,3,1,1420
75885.0,5,0,729,3,1,1396
75895.0,5,0,729,3,1,1372
75905.0,5,0,729,3,1,1348
75915.0,6,0,729,3,1,1325
75925.0,6,0,729,3,1,1302
75935.0,6,0,729,3,1,1279
75945.0,6,0,729,3,1,1257
75955.0,6,0,729,3,1,1235
75965.0,6,0,729,3,1,1213
75975.0,6,0,729,3,1,1191
75985.0,6,0,729,3,1,1169
75995.0,6,0,729,3,1,1148
76005.0,6,0,729,3,1,1127
76015.0,7,0,729,3,1,1106
76025.0,7,0,729,3,1,1086
76035.0,7,0,729,3,1,1066
76045.0,7,0,729,3,1,1046
76055.0,7,0,729,3,1,1026
76065.0,7,0,729,3,1,1006
76075.0,7,0,729,3,1,987
76085.0,7,0,729,3,1,968
76095.0,8,0,729,3,1,949
76105.0,8,0,729,3,1,931
76115.0,8,0,729,3,1,913
76125.0,8,0,729,3,1,895
76135.0,8,0,729,3,1,877
76145.0,8,0,729,3,1,859
76155.0,8,0,729,3,1,842
76165.0,9,0,729,3,1,825
76175.0,9,0,729,3,1,808
76185.0,9,0,729,3,1,792
76195.0,9,0,729,3,1,776
76205.0,9,0,729,3,1,760
76215.0,9,1,468,3,1,744
76225.0,9,0,468,9,1,729
76235.0,9,0,468,9,1,714
76245.0,10,0,468,9,1,699
76255.0,10,0,468,9,1,685
76265.0,10,0,468,9,1,671
76275.0,10,0,468,9,1,658
76285.0,10,0,468,9,1,645
76295.0,10,0,468,9,1,632
76305.0,11,0,468,9,1,620
76315.0,11,0,468,9,1,608
76325.0,11,0,468,9,1,597
76335.0,11,0,468,9,1,586
76345.0,11,0,468,9,1,575
76355.0,11,0,468,9,1,565
76365.0,11,0,468,9,1,555
76375.0,12,0,468,9,1,545
76385.0,12,0,468,9,1,536
76395.0,12,0,468,9,1,527
76405.0,12,0,468,9,1,518
76415.0,12,0,468,9,1,510
76425.0,12,0,468,9,1,502
76435.0,13,0,468,9,1,495
76445.0,13,0,468,9,1,488
76455.0,13,0,468,9,1,481
76465.0,13,0,468,9,1,475
76475.0,13,0,468,9,1,469
76485.0,13,0,468,9,1,464
76495.0,14,0,468,9,1,459
76505.0,14,0,468,9,1,454
76515.0,14,0,468,9,1,450
76525.0,14,0,468,9,1,446
76535.0,14,0,468,9,1,442
76545.0,14,0,468,9,1,439
76555.0,15,0,468,9,1,436
76565.0,15,0,468,9,1,433
76575.0,15,0,468,9,1,431
76585.0,15,0,468,9,1,429
76595.0,15,0,468,9,1,428
76605.0,16,0,468,9,1,427
76615.0,16,0,468,9,1,426
76625.0,16,0,468,9,1,426
76635.0,16,0,468,9,1,426
76645.0,16,0,468,9,1,427
76655.0,17,0,468,9,1,428
76665.0,17,0,468,9,1,429
76675.0,17,0,468,9,1,431
76685.0,17,0,468,9,1,433
76695.0,17,0,468,9,1,435
76705.0,17,0,468,9,1,438
76715.0,18,0,468,9,1,441
76725.0,18,0,468,9,1,444
76735.0,18,0,468,9,1,448
76745.0,18,0,468,9,1,452
76755.0,18,0,468,9,1,457
76765.0,19,0,468,9,1,462
76775.0,19,0,468,9,1,467
76785.0,19,0,468,9,1,473
76795.0,19,0,468,9,1,479
76805.0,20,0,468,9,1,486
76815.0,20,0,468,9,1,493
76825.0,20,0,468,9,1,500
76835.0,20,0,468,9,1,508
76845.0,20,0,468,9,1,516
76855.0,21,1,1527,9,1,524
76865.0,21,0,1527,21,1,532
76875.0,21,0,1527,21,1,541
76885.0,21,0,1527,21,1,550
76895.0,21,0,1527,21,1,559
76905.0,22,0,1527,21,1,569
76915.0,22,0,1527,21,1,579
76925.0,22,0,1527,21,1,589
76935.0,22,0,1527,21,1,599
76945.0,23,0,1527,21,1,609
76955.0,23,0,1527,21,1,620
76965.0,23,0,1527,21,1,631
76975.0,23,0,1527,21,1,642
76985.0,23,0,1527,21,1,654
76995.0,24,0,1527,21,1,666
77005.0,24,0,1527,21,1,678
77015.0,24,0,1527,21,1,690
77025.0,24,0,1527,21,1,702
77035.0,25,0,1527,21,1,715
77045.0,25,0,1527,21,1,728
77055.0,25,0,1527,21,1,741
77065.0,25,0,1527,21,1,755
77075.0,25,0,1527,21,1,769
77085.0,26,0,1527,21,1,783
77095.0,26,0,1527,21,1,797
77105.0,26,0,1527,21,1,811
77115.0,26,0,1527,21,1,826
77125.0,27,0,1527,21,1,841
77135.0,27,0,1527,21,1,856
77145.0,27,0,1527,21,1,872
77155.0,27,0,1527,21,1,888
77165.0,28,0,1527,21,1,904
77175.0,28,0,1527,21,1,920
77185.0,28,0,1527,21,1,936
77195.0,28,0,1527,21,1,953
77205.0,29,0,1527,21,1,970
77215.0,29,0,1527,21,1,987
77225.0,29,0,1527,21,1,1005
77235.0,29,0,1527,21,1,1023
77245.0,30,0,1527,21,1,1041
77255.0,30,0,1527,21,1,1059
77265.0,30,0,1527,21,1,1077
77275.0,30,0,1527,21,1,1096
77285.0,31,0,1527,21,1,1115
77295.0,31,0,1527,21,1,1134
77305.0,31,0,1527,21,1,1154
77315.0,31,0,1527,21,1,1174
77325.0,32,0,1527,21,1,1194
77335.0,32,0,1527,21,1,1214
77345.0,32,0,1527,21,1,1234
77355.0,32,0,1527,21,1,1255
77365.0,33,0,1527,21,1,1276
77375.0,33,0,1527,21,1,1297
77385.0,33,0,1527,21,1,1319
77395.0,34,0,1527,21,1,1341
77405.0,34,0,1527,21,1,1363
77415.0,34,0,1527,21,1,1385
77425.0,34,0,1527,21,1,1407
77435.0,35,0,1527,21,1,1430
77445.0,35,0,1527,21,1,1453
77455.0,35,0,1527,21,1,1476
77465.0,35,0,1527,21,1,1500
77475.0,36,0,1527,21,1,1524
77485.0,36,0,1527,21,1,1548
77495.0,36,1,3830,21,1,1572
77505.0,37,0,3830,37,1,1597
77515.0,37,0,3830,37,1,1622
77525.0,37,0,3830,37,1,1647
77535.0,37,0,3830,37,1,1673
77545.0,38,0,3830,37,1,1699
77555.0,38,0,3830,37,1,1726
77565.0,38,0,3830,37,1,1753
77575.0,38,0,3830,37,1,1780
77585.0,39,0,3830,37,1,1808
77595.0,39,0,3830,37,1,1836
77605.0,39,0,3830,37,1,1865
77615.0,40,0,3830,37,1,1894
77625.0,40,0,3830,37,1,1923
77635.0,40,0,3830,37,1,1953
77645.0,40,0,3830,37,1,1983
77655.0,41,0,3830,37,1,2013
77665.0,41,0,3830,37,1,2044
77675.0,41,0,3830,37,1,2075
77685.0,42,0,3830,37,1,2106
77695.0,42,0,3830,37,1,2138
77705.0,42,0,3830,37,1,2170
77715.0,43,0,3830,37,1,2203
77725.0,43,0,3830,37,1,2236
77735.0,43,0,3830,37,1,2269
77745.0,43,0,3830,37,1,2303
77755.0,44,0,3830,37,1,2337
77765.0,44,0,3830,37,1,2372
77775.0,44,0,3830,37,1,2407
77785.0,45,0,3830,37,1,2442
77795.0,45,0,3830,37,1,2478
77805.0,45,0,3830,37,1,2514
77815.0,46,0,3830,37,1,2550
77825.0,46,0,3830,37,1,2587
77835.0,46,0,3830,37,1,2624
77845.0,46,0,3830,37,1,2661
77855.0,47,0,3830,37,1,2699
77865.0,47,0,3830,37,1,2737
77875.0,47,0,3830,37,1,2776
77885.0,48,0,3830,37,1,2815
77895.0,48,0,3830,37,1,2854
77905.0,48,0,3830,37,1,2894
77915.0,49,0,3830,37,1,2934
77925.0,49,0,3830,37,1,2975
77935.0,49,0,3830,37,1,3016
77945.0,50,0,3830,37,1,3057
77955.0,50,0,3830,37,1,3099
77965.0,50,0,3830,37,1,3141
77975.0,50,0,3830,37,1,3183
77985.0,51,0,3830,37,1,3226
77995.0,51,0,3830,37,1,3269
78005.0,51,0,3830,37,1,3312
78015.0,52,0,3830,37,1,3356
78025.0,52,0,3830,37,1,3400
78035.0,52,0,3830,37,1,3445
78045.0,53,0,3830,37,1,3490
78055.0,53,0,3830,37,1,3535
78065.0,53,0,3830,37,1,3581
78075.0,54,0,3830,37,1,3627
78085.0,54,0,3830,37,1,3674
78095.0,54,0,3830,37,1,3721
78105.0,55,0,3830,37,1,3768
78115.0,55,0,3830,37,1,3816
78125.0,55,0,3830,37,1,3864
78135.0,56,1,7299,37,1,3912
78145.0,56,0,7299,56,1,3960
78155.0,56,0,7299,56,1,4009
78165.0,57,0,7299,56,1,4058
78175.0,57,0,7299,56,1,4107
78185.0,57,0,7299,56,1,4157
78195.0,58,0,7299,56,1,4207
78205.0,58,0,7299,56,1,4257
78215.0,58,0,7299,56,1,4307
78225.0,59,0,7299,56,1,4357
78235.0,59,0,7299,56,1,4408
78245.0,59,0,7299,56,1,4459
78255.0,60,0,7299,56,1,4510
78265.0,60,0,7299,56,1,4562
78275.0,60,0,7299,56,1,4614
78285.0,61,0,7299,56,1,4666
78295.0,61,0,7299,56,1,4718
78305.0,61,0,7299,56,1,4770
78315.0,62,0,7299,56,1,4823
78325.0,62,0,7299,56,1,4876
78335.0,62,0,7299,56,1,4929
78345.0,63,0,7299,56,1,4983
78355.0,63,0,7299,56,1,5037
78365.0,63,0,7299,56,1,5091
78375.0,64,0,7299,56,1,5145
78385.0,64,0,7299,56,1,5199
78395.0,64,0,7299,56,1,5254
78405.0,65,0,7299,56,1,5309
78415.0,65,0,7299,56,1,5364
78425.0,65,0,7299,56,1,5420
78435.0,66,0,7299,56,1,5476
78445.0,66,0,7299,56,1,5532
78455.0,66,0,7299,56,1,5588
78465.0,67,0,7299,56,1,5644
78475.0,67,0,7299,56,1,5701
78485.0,68,0,7299,56,1,5758
78495.0,68,0,7299,56,1,5815
78505.0,68,0,7299,56,1,5873
78515.0,69,0,7299,56,1,5931
78525.0,69,0,7299,56,1,5989
78535.0,69,0,7299,56,1,6047
78545.0,70,0,7299,56,1,6105
78555.0,70,0,7299,56,1,6164
78565.0,70,0,7299,56,1,6223
78575.0,71,0,7299,56,1,6282
78585.0,71,0,7299,56,1,6342
78595.0,71,0,7299,56,1,6402
78605.0,72,0,7299,56,1,6462
78615.0,72,0,7299,56,1,6522
78625.0,72,0,7299,56,1,6582
78635.0,73,0,7299,56,1,6643
78645.0,73,0,7299,56,1,6704
78655.0,74,0,7299,56,1,6765
78665.0,74,0,7299,56,1,6827
78675.0,74,0,7299,56,1,6889
78685.0,75,0,7299,56,1,6951
78695.0,75,0,7299,56,1,7013
78705.0,75,0,7299,56,1,7075
78715.0,76,0,7299,56,1,7138
78725.0,76,0,7299,56,1,7201
78735.0,76,0,7299,56,1,7264
78745.0,77,0,7299,56,1,7328
78755.0,77,0,7299,56,1,7392
78765.0,78,0,7299,56,1,7456
78775.0,78,1,11798,56,1,7520
78785.0,78,0,11798,78,1,7584
78795.0,79,0,11798,78,1,7649
78805.0,79,0,11798,78,1,7713
78815.0,79,0,11798,78,1,7778
78825.0,80,0,11798,78,1,7843
78835.0,80,0,11798,78,1,7909
78845.0,81,0,11798,78,1,7974
78855.0,81,0,11798,78,1,8040
78865.0,81,0,11798,78,1,8106
78875.0,82,0,11798,78,1,8172
78885.0,82,0,11798,78,1,8238
78895.0,82,0,11798,78,1,8305
78905.0,83,0,11798,78,1,8371
78915.0,83,0,11798,78,1,8438
78925.0,83,0,11798,78,1,8505
78935.0,84,0,11798,78,1,8572
78945.0,84,0,11798,78,1,8640
78955.0,85,0,11798,78,1,8707
78965.0,85,0,11798,78,1,8775
78975.0,85,0,11798,78,1,8843
78985.0,86,0,11798,78,1,8911
78995.0,86,0,11798,78,1,8979
79005.0,86,0,11798,78,1,9048
79015.0,87,0,11798,78,1,9116
79025.0,87,0,11798,78,1,9185
79035.0,88,0,11798,78,1,9254
79045.0,88,0,11798,78,1,9324
79055.0,88,0,11798,78,1,9393
79065.0,89,0,11798,78,1,9463
79075.0,89,0,11798,78,1,9533
79085.0,90,0,11798,78,1,9603
79095.0,90,0,11798,78,1,9673
79105.0,90,0,11798,78,1,9743
79115.0,91,0,11798,78,1,9814
79125.0,91,0,11798,78,1,9884
79135.0,91,0,11798,78,1,9955
79145.0,92,0,11798,78,1,10026
79155.0,92,0,11798,78,1,10098
79165.0,93,0,11798,78,1,10169
79175.0,93,0,11798,78,1,10241
79185.0,93,0,11798,78,1,10313
79195.0,94,0,11798,78,1,10385
79205.0,94,0,11798,78,1,10457
79215.0,94,0,11798,78,1,10530
79225.0,95,0,11798,78,1,10602
79235.0,95,0,11798,78,1,10675
79245.0,96,0,11798,78,1,10748
79255.0,96,0,11798,78,1,10821
79265.0,96,0,11798,78,1,10895
79275.0,97,0,11798,78,1,10968
79285.0,97,0,11798,78,1,11042
79295.0,98,0,11798,78,1,11116
79305.0,98,0,11798,78,1,11190
79315.0,98,0,11798,78,1,11264
79325.0,99,0,11798,78,1,11339
79335.0,99,0,11798,78,1,11413
79345.0,100,0,11798,78,1,11488
79355.0,100,0,11798,78,1,11563
79365.0,100,0,11798,78,1,11639
79375.0,101,0,11798,78,1,11714
79385.0,101,0,11798,78,1,11790
79395.0,101,0,11798,78,1,11866
79405.0,102,0,11798,78,1,11942
79415.0,102,1,17139,78,1,12018
79425.0,103,0,17139,103,1,12094
79435.0,103,0,17139,103,1,12171
79445.0,103,0,17139,103,1,12247
79455.0,104,0,17139,103,1,12324
79465.0,104,0,17139,103,1,12401
79475.0,105,0,17139,103,1,12479
79485.0,105,0,17139,103,1,12556
79495.0,105,0,17139,103,1,12634
79505.0,106,0,17139,103,1,12712
79515.0,106,0,17139,103,1,12790
79525.0,107,0,17139,103,1,12868
79535.0,107,0,17139,103,1,12947
79545.0,107,0,17139,103,1,13025
79555.0,108,0,17139,103,1,13104
79565.0,108,0,17139,103,1,13183
79575.0,109,0,17139,103,1,13262
79585.0,109,0,17139,103,1,13342
79595.0,109,0,17139,103,1,13421
79605.0,110,0,17139,103,1,13501
79615.0,110,0,17139,103,1,13581
79625.0,111,0,17139,103,1,13661
79635.0,111,0,17139,103,1,13741
79645.0,111,0,17139,103,1,13822
79655.0,112,0,17139,103,1,13902
79665.0,112,0,17139,103,1,13983
79675.0,112,0,17139,103,1,14064
79685.0,113,0,17139,103,1,14146
79695.0,113,0,17139,103,1,14227
79705.0,114,0,17139,103,1,14309
79715.0,114,0,17139,103,1,14391
79725.0,114,0,17139,103,1,14473
79735.0,115,0,17139,103,1,14555
79745.0,115,0,17139,103,1,14637
79755.0,116,0,17139,103,1,14720
79765.0,116,0,17139,103,1,14802
79775.0,116,0,17139,103,1,14885
79785.0,117,0,17139,103,1,14968
79795.0,117,0,17139,103,1,15052
79805.0,118,0,17139,103,1,15135
79815.0,118,0,17139,103,1,15219
79825.0,118,0,17139,103,1,15303
79835.0,119,0,17139,103,1,15387
79845.0,119,0,17139,103,1,15471
79855.0,120,0,17139,103,1,15556
79865.0,120,0,17139,103,1,15640
79875.0,120,0,17139,103,1,15725
79885.0,121,0,17139,103,1,15810
79895.0,121,0,17139,103,1,15895
79905.0,122,0,17139,103,1,15981
79915.0,122,0,17139,103,1,16066
79925.0,122,0,17139,103,1,16152
79935.0,123,0,17139,103,1,16238
79945.0,123,0,17139,103,1,16324
79955.0,124,0,17139,103,1,16410
79965.0,124,0,17139,103,1,16497
79975.0,124,0,17139,103,1,16583
79985.0,125,0,17139,103,1,16670
79995.0,125,0,17139,103,1,16757
80005.0,126,0,17139,103,1,16845
80015.0,126,0,17139,103,1,16932
80025.0,126,0,17139,103,1,17020
80035.0,127,0,17139,103,1,17108
80045.0,127,0,17139,103,1,17196
80055.0,128,1,23110,103,1,17284
80065.0,128,0,23110,128,1,17372
80075.0,128,0,23110,128,1,17461
80085.0,129,0,23110,128,1,17549
80095.0,129,0,23110,128,1,17638
80105.0,130,0,23110,128,1,17727
80115.0,130,0,23110,128,1,17817
80125.0,130,0,23110,128,1,17906
80135.0,131,0,23110,128,1,17996
80145.0,131,0,23110,128,1,18086
80155.0,132,0,23110,128,1,18176
80165.0,132,0,23110,128,1,18266
80175.0,132,0,23110,128,1,18357
80185.0,133,0,23110,128,1,18447
80195.0,133,0,23110,128,1,18538
80205.0,134,0,23110,128,1,18629
80215.0,134,0,23110,128,1,18720
80225.0,134,0,23110,128,1,18812
80235.0,135,0,23110,128,1,18903
80245.0,135,0,23110,128,1,18995
80255.0,136,0,23110,128,1,19087
80265.0,136,0,23110,128,1,19179
80275.0,136,0,23110,128,1,19271
80285.0,137,0,23110,128,1,19364
80295.0,137,0,23110,128,1,19456
80305.0,138,0,23110,128,1,19549
80315.0,138,0,23110,128,1,19642
80325.0,138,0,23110,128,1,19736
80335.0,139,0,23110,128,1,19829
80345.0,139,0,23110,128,1,19923
80355.0,140,0,23110,128,1,20017
80365.0,140,0,23110,128,1,20111
80375.0,140,0,23110,128,1,20205
80385.0,141,0,23110,128,1,20299
80395.0,141,0,23110,128,1,20394
80405.0,142,0,23110,128,1,20488
80415.0,142,0,23110,128,1,20583
80425.0,142,0,23110,128,1,20678
80435.0,143,0,23110,128,1,20774
80445.0,143,0,23110,128,1,20869
80455.0,144,0,23110,128,1,20965
80465.0,144,0,23110,128,1,21061
80475.0,144,0,23110,128,1,21157
80485.0,145,0,23110,128,1,21253
80495.0,145,0,23110,128,1,21350
80505.0,145,0,23110,128,1,21446
80515.0,146,0,23110,128,1,21543
80525.0,146,0,23110,128,1,21640
80535.0,147,0,23110,128,1,21737
80545.0,147,0,23110,128,1,21835
80555.0,147,0,23110,128,1,21932
80565.0,148,0,23110,128,1,22030
80575.0,148,0,23110,128,1,22128
80585.0,149,0,23110,128,1,22226
80595.0,149,0,23110,128,1,22324
80605.0,149,0,23110,128,1,22423
80615.0,150,0,23110,128,1,22521
80625.0,150,0,23110,128,1,22620
80635.0,151,0,23110,128,1,22719
80645.0,151,0,23110,128,1,22819
80655.0,151,0,23110,128,1,22918
80665.0,152,0,23110,128,1,23018
80675.0,152,0,23110,128,1,23118
80685.0,153,0,23110,128,1,23218
80695.0,153,1,29470,128,1,23318
80705.0,153,0,29470,153,1,23418
80715.0,154,0,29470,153,1,23518
80725.0,154,0,29470,153,1,23618
80735.0,155,0,29470,153,1,23718
80745.0,155,0,29470,153,1,23818
80755.0,155,0,29470,153,1,23918
80765.0,156,0,29470,153,1,24018
80775.0,156,0,29470,153,1,24118
80785.0,156,0,29470,153,1,24218
80795.0,157,0,29470,153,1,24318
80805.0,157,0,29470,153,1,24418
80815.0,158,0,29470,153,1,24518
80825.0,158,0,29470,153,1,24618
80835.0,158,0,29470,153,1,24718
80845.0,159,0,29470,153,1,24818
80855.0,159,0,29470,153,1,24918
80865.0,160,0,29470,153,1,25018
80875.0,160,0,29470,153,1,25118
80885.0,160,0,29470,153,1,25218
80895.0,161,0,29470,153,1,25318
80905.0,161,0,29470,153,1,25418
80915.0,162,0,29470,153,1,25518
80925.0,162,0,29470,153,1,25618
80935.0,162,0,29470,153,1,25718
80945.0,163,0,29470,153,1,25818
80955.0,163,0,29470,153,1,25918
80965.0,163,0,29470,153,1,26018
80975.0,164,0,29470,153,1,26118
80985.0,164,0,29470,153,1,26218
80995.0,165,0,29470,153,1,26318
81005.0,165,0,29470,153,1,26418
81015.0,165,0,29470,153,1,26518
81025.0,166,0,29470,153,1,26618
81035.0,166,0,29470,153,1,26718
81045.0,166,0,29470,153,1,26818
81055.0,167,0,29470,153,1,26918
81065.0,167,0,29470,153,1,27018
81075.0,168,0,29470,153,1,27118
81085.0,168,0,29470,153,1,27218
81095.0,168,0,29470,153,1,27318
81105.0,169,0,29470,153,1,27418
81115.0,169,0,29470,153,1,27518
81125.0,170,0,29470,153,1,27618
81135.0,170,0,29470,153,1,27718
81145.0,170,0,29470,153,1,27818
81155.0,171,0,29470,153,1,27918
81165.0,171,0,29470,153,1,28018
81175.0,171,0,29470,153,1,28118
81185.0,172,0,29470,153,1,28218
81195.0,172,0,29470,153,1,28318
81205.0,173,0,29470,153,1,28418
81215.0,173,0,29470,153,1,28518
81225.0,173,0,29470,153,1,28618
81235.0,174,0,29470,153,1,28718
81245.0,174,0,29470,153,1,28818
81255.0,174,0,29470,153,1,28918
81265.0,175,0,29470,153,1,29018
81275.0,175,0,29470,153,1,29118
81285.0,175,0,29470,153,1,29218
81295.0,176,0,29470,153,1,29318
81305.0,176,0,29470,153,1,29418
81315.0,177,0,29470,153,1,29518
81325.0,177,0,29470,153,1,29618
81335.0,177,1,35964,153,1,29718
81345.0,178,0,35964,178,1,29818
81355.0,178,0,35964,178,1,29918
81365.0,178,0,35964,178,1,30018
81375.0,179,0,35964,178,1,30118
81385.0,179,0,35964,178,1,30218
81395.0,180,0,35964,178,1,30318
81405.0,180,0,35964,178,1,30418
81415.0,180,0,35964,178,1,30518
81425.0,181,0,35964,178,1,30618
81435.0,181,0,35964,178,1,30718
81445.0,181,0,35964,178,1,30818
81455.0,182,0,35964,178,1,30918
81465.0,182,0,35964,178,1,31018
81475.0,182,0,35964,178,1,31118
81485.0,183,0,35964,178,1,31218
81495.0,183,0,35964,178,1,31318
81505.0,184,0,35964,178,1,31418
81515.0,184,0,35964,178,1,31518
81525.0,184,0,35964,178,1,31618
81535.0,185,0,35964,178,1,31718
81545.0,185,0,35964,178,1,31818
81555.0,185,0,35964,178,1,31918
81565.0,186,0,35964,178,1,32018
81575.0,186,0,35964,178,1,32118
81585.0,186,0,35964,178,1,32218
81595.0,187,0,35964,178,1,32318
81605.0,187,0,35964,178,1,32418
81615.0,187,0,35964,178,1,32518
81625.0,188,0,35964,178,1,32618
81635.0,188,0,35964,178,1,32718
81645.0,188,0,35964,178,1,32818
81655.0,189,0,35964,178,1,32918
81665.0,189,0,35964,178,1,33018
81675.0,190,0,35964,178,1,33118
81685.0,190,0,35964,178,1,33218
81695.0,190,0,35964,178,1,33318
81705.0,191,0,35964,178,1,33418
81715.0,191,0,35964,178,1,33518
81725.0,191,0,35964,178,1,33618
81735.0,192,0,35964,178,1,33718
81745.0,192,0,35964,178,1,33818
81755.0,192,0,35964,178,1,33918
81765.0,193,0,35964,178,1,34018
81775.0,193,0,35964,178,1,34118
81785.0,193,0,35964,178,1,34218
81795.0,194,0,35964,178,1,34318
81805.0,194,0,35964,178,1,34418
81815.0,194,0,35964,178,1,34518
81825.0,195,0,35964,178,1,34618
81835.0,195,0,35964,178,1,34718
81845.0,195,0,35964,178,1,34818
81855.0,196,0,35964,178,1,34918
81865.0,196,0,35964,178,1,35018
81875.0,196,0,35964,178,1,35118
81885.0,197,0,35964,178,1,35218
81895.0,197,0,35964,178,1,35318
81905.0,197,0,35964,178,1,35418
81915.0,198,0,35964,178,1,35518
81925.0,198,0,35964,178,1,35618
81935.0,198,0,35964,178,1,35718
81945.0,199,0,35964,178,1,35818
81955.0,199,0,35964,178,1,35918
